"id_dim_producteur","NOM DU SITE"
1,"ARMEE DE L'AIR - BA 278 AMBERIEU"
25,"INOL IMAGERIE NUCLEAIRE DE L'OUEST LYONNAIS ET DE L'AIN - MEDECINE NUCLEAIRE -BOURG EN BRESSE"
26,"IONISOS - INSTALLATION D'IONISATION DE DAGNEUX "
29,"CERN - SITE DE PREVESSIN-MOENS"
38,"ADVANCED ACCELERATOR APPLICATIONS - PRODUCTION DE RADIOPHARMACEUTIQUES"
44,"EDF - BUGEY - CNPE"
52,"EDF - BUGEY - EN DECONSTRUCTION"
131,"EDF - BUGEY - BUTTE"
132,"COMPTOIR DES MINERAUX ET MATIERES PREMIERES - SAINT QUENTIN"
133,"CENTRE D'EXPLORATIONS ISOTOPIQUES SAINT-CLAUDE - MEDECINE NUCLEAIRE"
134,"CENTRE DE MÉDECINE NUCLÉAIRE DE SOISSONS - SCINTIGRAPHIE"
135,"ORANGE - BELLERIVE"
136,"CENTRE HOSPITALIER DE MONTLUÇON - MEDECINE NUCLEAIRE"
137,"ORANGE - MONTLUCON"
138,"ORANGE - MOULINS"
139,"ANDRA SERVICE SOLUTIONS POUR LES PNE - GANAGOBIE"
141,"GALDERMA R&D - SECURITE - ENVIRONNEMENT"
145,"IRIS PHARMA - RECHERCHE PHARMACEUTIQUE - RADIOIMMUNOANALYSE"
146,"CENTRE D'IMAGERIE NUCLEAIRE (SELARL CIN) - CLINIQUE PLEIN CIEL - MEDECINE NUCLEAIRE"
147,"ORANGE - PARAFOUDRES MOUGINS"
148,"CENTRE ANTOINE LACASSAGNE - UNITE DE MEDECINE NUCLEAIRE"
149,"CENTRE HOSPITALIER UNIVERSITAIRE DE NICE - HÔPITAL DE L'ARCHET - INSERM UMR 1065 C3M - BATIMENT ARCHIMED "
150,"CENTRE HOSPITALIER UNIVERSITAIRE DE NICE - HÔPITAL DE L'ARCHET - MEDECINE NUCLEAIRE"
151,"CENTRE HOSPITALIER UNIVERSITAIRE DE NICE - HÔPITAL PASTEUR - BIOCHIMIE"
152,"CNRS - UNIVERSITE DE NICE SOPHIA-ANTIPOLIS (UNSA) - CNRS - UMR 7329 GEOSCIENCES AZUR"
153,"CNRS - UNIVERSITE DE NICE SOPHIA-ANTIPOLIS (UNSA) - CNRS-FACULTE DES SCIENCES - ASSOCIEE INSERM UMR 7277 - INSTITUT DE BIOLOGIE VALROSE"
154,"UNIVERSITE DE NICE SOPHIA-ANTIPOLIS (UNSA) - FACULTE DE MEDECINE - IRCAN INSERM U1081, CNRS UMR 7284"
155,"UNIVERSITE DE NICE SOPHIA-ANTIPOLIS (UNSA) - UMR E4320 TIRO/MAtos, département de biophysique"
156,"SERVICE DEPARTEMENTAL D'INCENDIE ET DE SECOURS DES ALPES MARITIMES - CMIR"
157,"UNIVERSITE DE NICE SOPHIA-ANTIPOLIS (UNSA) - INSTITUT CHIMIE - UMR 7272 - PROCESSUS CHIMIQUES ET RADIOCHIMIQUES DANS L'ENVIRONNEMENT"
177,"INSTITUT ARNAULT TZANCK - SCINTIGRAPHIE"
178,"CNRS - UNIVERSITE DE NICE SOPHIA-ANTIPOLIS (UNSA) - CNRS - INSTITUT DE PHARMACOLOGIE- UMR 7275 - RECHERCHE BIOLOGIQUE"
179,"INRA - CENTRE DE RECHERCHE DE SOPHIA-ANTIPOLIS - INRA-CNRS-UNSA UMR 7254 Institut Sophia Agrobiotech (ISA)"
180,"BAYER SAS - TOX DERMALE"
183,"CONSEIL GENERAL DES ALPES MARITIMES - LABORATOIRE VETERINAIRE DEPARTEMENTAL"
196,"CNRS-UNIVERSITE PIERRE ET MARIE CURIE - CNRS - STATION ZOOLOGIQUE - UMR 7009 BIOLOGIE DU DEVELOPPEMENT"
197,"EDF - CRUAS - CNPE"
255,"CENTRE HOSPITALIER DE CHARLEVILLE-MEZIERES - MEDECINE NUCLEAIRE"
256,"EDF - CHOOZ - CNPE"
301,"EDF - CHOOZ - EN DECONSTUCTION"
330,"DAHER - MEI"
360,"ANDRA CENTRES DE STOCKAGE EN EXPLOITATION - SOULAINES-DHUYS - CSA"
456,"ANDRA CENTRES DE STOCKAGE EN EXPLOITATION - MORVILLIERS - CIRES"
506,"EDF - NOGENT-SUR-SEINE - CNPE"
559,"ADVANCED ACCELERATOR APPLICATIONS - SERVICE DE RADIOPHARMACIE - ROSIERES"
566,"CENTRE HOSPITALIER DE TROYES - MEDECINE NUCLEAIRE  ET RADIOTHERAPIE"
568,"COBHAM - GTE - INDUSTRIE AERONAUTIQUE ET ESPACE"
569,"Centre Hospitalier de Carcassonne - MEDECINE NUCLEAIRE"
570,"ORANO / ORANO CYCLE - MALVESI  (USINE)"
583,"ORANO / ORANO CYCLE - MALVESI (BASSINS)"
590,"ORANO / ORANO MINING - BERTHOLENE - MINE"
592,"CENTRE HOSPITALIER JACQUES PUEL - PHYSIQUE MEDICALE"
593,"CENTRE HOSPITALIER DU PAYS D'AIX - MEDECINE NUCLEAIRE"
594,"HÔPITAL PRIVE LA CASAMANCE - SCINTIGRAPHIE"
595,"UNIPER FRANCE POWER S.A.S. - FUVEAU"
596,"ALTEO - GARDANNE"
597,"DASSAULT AVIATION - ISTRES - ESSAIS EN VOL"
599,"IMMUNOTECH S.A. - A. BECKMAN COULTER COMPANY - DEPARTEMENT RADIO-IMMUNOLOGIE"
600,"SYNERGY HEALTH - INSTALLATION D'IONISATION GAMMASTER"
603,"ALUMINIUM PECHINEY (SITES ARRETES) - LA BARASSE MONTGRAND"
604,"ALUMINIUM PECHINEY (SITES ARRETES) - LA BARASSE SAINT CYR"
605,"ALUMINIUM PECHINEY (SITES ARRETES) - AYGALADES"
607,"ADVANCED ACCELERATOR APPLICATIONS - PRODUCTION - MARSEILLE"
608,"AIX-MARSEILLE UNIVERSITE (AMU) - CNRS - UMR 7257 ARCHITECTURE ET FONCTION DES MACROMOLECULES BIOLOGIQUES (AFMB)"
609,"AIX-MARSEILLE UNIVERSITE (AMU) - CRN2M-UMR 7286-CNRS-UNIVERSITES AIX-MARSEILLE II ET III"
610,"AIX-MARSEILLE UNIVERSITE (AMU) - Fédération de Recherche 3C -  FR3512"
611,"CENTRE HOSPITALIER UNIVERSITAIRE DE LA TIMONE (APHM) - SERVICE CENTRAL DE BIOPHYSIQUE ET DE MEDECINE NUCLEAIRE - SCINTIGRAPHIE - RADIOTHERAPIE - RADIOANALYSE"
612,"CENTRE HOSPITALIER UNIVERSITAIRE NORD (APHM) - SERVICE DE MEDECINE NUCLEAIRE"
613,"CLINIQUE RESIDENCE DU PARC - MEDECINE NUCLEAIRE"
614,"CNRS DELEGATION PROVENCE ET CORSE - CNRS - INSTITUT MEDITERRANEEN DE MICROBIOLOGIE (IMM) FR 3479"
615,"CNRS DELEGATION PROVENCE ET CORSE - CNRS - UMR 7280 CENTRE D'IMMUNOLOGIE DE MARSEILLE LUMINY (CIML) "
616,"CNRS DELEGATION PROVENCE ET CORSE - CNRS -UMR 7288 INSTITUT DE BIOLOGIE DU DEVELOPPEMENT DE MARSEILLE LUMINY (IBDML)"
617,"FACULTE DE MEDECINE - LA TIMONE - NORT INSERM 1062/INRA 1260/AMU"
618,"FACULTE DE MEDECINE SECTEUR NORD - INSERM UMR 1072- UNITE DE NEUROBIOLOGIE DES CANAUX IONIQUES ET DE LA SYNAPSE (UNIS)"
619,"HÔPITAL PRIVE CLAIRVAL - S.A. IMAGERIE MEDICALE DE CLAIRVAL - SCINTIGRAPHIE"
620,"INSTITUT J. PAOLI - I. CALMETTE - MEDECINE NUCLEAIRE - BIOLOGIE - RADIOTHERAPIE - RECHERCHE BIOMEDICALE"
621,"LABORATOIRES CYCLOPHARMA - PRODUCTION RADIOPHARMACEUTIQUE (MARSEILLE)"
622,"UNIVERSITE D'AIX-MARSEILLE II  (MEDITERRANEE) - CAMPUS DE LUMINY - INSERM US012 CIPHE (Centre d'Immunophénomique)"
624,"AIX-MARSEILLE UNIVERSITE (AMU) - CNRS - UMR 7294 INSTITUT MEDITERRANEEN D'OCEANOLOGIE (MIO)"
634,"INSTITUT DE RECHERCHE EN CANCEROLOGIE DE MARSEILLE - INSTITUT PAOLI-CALMETTES - INSERM UMR 1068 CRCM"
644,"AIX-MARSEILLE UNIVERSITE (AMU) - INSTITUT MEDITERRANEEN D'OCEANOLOGIE (MIO) - UMR 7294 (ancien LOPB UMR 6535)"
662,"CEA CIVIL - INBS PROPULSION NAVALE"
679,"CEA CIVIL - CENTRE DE CADARACHE"
1063,"ARMEE DE L'AIR - BA 701 SALON DE PROVENCE"
1067,"FRANKLIN France - DUVAL MESSIEN - VELAUX"
1069,"ALUMINIUM PECHINEY (SITES ARRETES) - VITROLLES"
1071,"SOLICENDRE - SOLICENDRE"
1073,"IN2P3 - GANIL CAEN"
1082,"CENTRE FRANÇOIS BACLESSE - CENTRE DE RECHERCHE ET DE LUTTE CONTRE LE CANCER - MEDECINE NUCLEAIRE - CURIETHERAPIE"
1083,"CENTRE HOSPITALIER UNIVERSITAIRE DE CAEN - LABORATOIRE DE RADIO-IMMUNOLOGIE"
1084,"CENTRE HOSPITALIER UNIVERSITAIRE DE CAEN - MEDECINE NUCLEAIRE"
1085,"GIP CYCERON - PLATEFORME D'IMAGERIE BIOMEDICALE"
1086,"LABORATOIRES CYCLOPHARMA - PRODUCTION RADIOPHARMACEUTIQUE (CAEN)"
1087,"POLYCLINIQUE DU PARC - SERVICE DE MEDECINE NUCLEAIRE"
1088,"Université de Caen Basse-Normandie - Pôle de Radioprotection - Plateau technique IMOGERE"
1093,"CENTRE HOSPITALIER UNIVERSITAIRE DE CAEN - IMMUNOLOGIE"
1107,"ORANGE - PARAFOUDRES CARPIQUET"
1108,"CIRALE - RECHERCHE SUR LES AFFECTIONS LOCOMOTRICES EQUINES"
1109,"CENTRE MEDICO-CHIRURGICAL DE TRONQUIERES - MEDECINE NUCLEAIRE"
1110,"ORANGE - AURILLAC"
1111,"ORANO / ORANO MININGS - SAINT-PIERRE-DU-CANTAL - MINE"
1115,"ARMEE DE L'AIR - BA 709 COGNAC"
1119,"CENTRE HOSPITALIER D'ANGOULÊME - HOPITAL DE GIRAC - MEDECINE NUCLEAIRE"
1120,"RHODIA - LA ROCHELLE (USINE CHEF DE BAIE)"
1121,"RHODIA - LA ROCHELLE    (PORT DE LA PALLICE)"
1124,"CENTRE D'IMAGERIE RADIOISOTOPIQUE DE LA ROCHELLE (CIRI) - MEDECINE NUCLEAIRE"
1125,"UNIVERSITE DE LA ROCHELLE - LITTORAL ENVIRONNEMENT ET SOCIETES (LIENSS)"
1131,"ARMEE DE L'AIR - BA 702 AVORD"
1136,"EDF - BELLEVILLE - CNPE"
1185,"DGA - TECHNIQUES TERRESTRES"
1196,"GROUPE NEXTER - NEXTER MUNITIONS DE BOURGES"
1205,"SCM INOV - SERVICES DE SCINTIGRAPHIE ET MEDECINE NUCLEAIRE - CLINIQUE GUILLAUME DE VARYE"
1206,"CIRTEP LES CEDRES - SERVICE TEP"
1207,"SCP - CENTRE DE MEDECINE NUCLEAIRE LES CEDRES - EXPLORATIONS FONCTIONNELLES RADIO-ISOTOPIQUES - SCINTIGRAPHIES"
1208,"LABORATOIRE DEPARTEMENTAL D'ANALYSES (CORREZE) - ANALYSES DES EAUX, HYGIENE ALIMENTAIRE, SANTE ANIMALE"
1209,"INVENTIVA - RECHERCHE PHARMACEUTIQUE"
1215,"CENTRE DE MEDECINE NUCLEAIRE DU PARC - MEDECINE NUCLEAIRE DIJON"
1216,"CENTRE GEORGES-FRANCOIS LECLERC - CENTRE REGIONAL DE LUTTE CONTRE LE CANCER - MEDECINE NUCLEAIRE"
1217,"CENTRE GEORGES-FRANCOIS LECLERC - CENTRE REGIONAL DE LUTTE CONTRE LE CANCER - PLATEFORME D'IMAGERIE PRECLINIQUE"
1218,"CENTRE HOSPITALIER UNIVERSITAIRE DE DIJON - HÔPITAL DU BOCAGE - SERVICE D'HOSPITALISATION"
1219,"INRA - CENTRE DE RECHERCHE DE DIJON BOURGOGNE - FRANCHE-COMTE - UMR 1347 - AGROECOLOGIE"
1220,"LABORATOIRES CYCLOPHARMA - PRODUCTION RADIOPHARMACEUTIQUE (DIJON)"
1221,"PHARMIMAGE - PLATEFORME DE RECHERCHE"
1222,"UNIVERSITE DE BOURGOGNE - FACULTE DE MEDECINE - INSERM U866 (POUR PARTIE) MONOXYDE D'AZOTE ET CANCER"
1225,"UNIVERSITE DE BOURGOGNE - AGRO SUP DIJON"
1226,"UNIVERSITE DE BOURGOGNE - CSGA UMR CNRS 6265 - INRA 1324"
1227,"UNIVERSITE DE BOURGOGNE - FACULTE DES SCIENCES - INSERM U866 (POUR PARTIE) PHYSIOPATHOLOGIE DES DYSLIPIDEMIES"
1228,"UNIVERSITE DE BOURGOGNE - FACULTE DE MEDECINE - INSERM U866 (POUR PARTIE) METABOLISME INTRAVASCULAIRE DES LIPOPROTEINES"
1229,"UNIVERSITE DE BOURGOGNE - INSTITUT DE CHIMIE MOLECULAIRE DE L'UNIVERSITE DE BOURGOGNE- UMR CNRS 6302"
1233,"ORANGE - PARAFOUDRES DIJON"
1245,"UNIVERSITE DE BOURGOGNE - LABORATOIRE DE BIOCHIMIE DU PEROXYSOME - INFLAMMATION ET METABOLISME LIPIDIQUE (BIOPEROXIL)"
1251,"SITA FD - PONTAILLER-SUR-SAONE"
1252,"CEA DAM - VALDUC"
1284,"ALAIN MACE SARL - ALAIN MACE"
1286,"CENTRE HOSPITALIER DE SAINT-BRIEUC - HÔPITAL YVES LE FOLL - MEDECINE NUCLEAIRE"
1287,"ORANO / ORANO MINING - LA RIBIERE - MINE"
1289,"CENTRE DE MEDECINE NUCLEAIRE DE FRANCHEVILLE - POLYCLINIQUE DE FRANCHEVILLE - SCINTIGRAPHIE"
1290,"CENTRE HOSPITALIER UNIVERSITAIRE JEAN MINJOZ - MEDECINE NUCLEAIRE"
1291,"CLINIQUE SAINT-VINCENT - CENTRE DE MEDECINE NUCLEAIRE"
1292,"UNIVERSITE DE FRANCHE-COMTE - HYGIENE ET SECURITE"
1295,"UNIVERSITE DE FRANCHE-COMTE - FACULTE DES SCIENCES - CNRS - UMR 6249 LABORATOIRE DE CHRONOENVIRONNEMENT"
1303,"HOPITAL NORD FRANCHE-COMTE - MEDECINE NUCLEAIRE -  RADIOTHERAPIE"
1305,"ONET TECHNOLOGY NUCLEAR DECOMISSIONING - SOGEVAL"
1306,"ORANO / ORANO CYCLE - PIERRELATTE - ZONE NORD"
1310,"ORANO / ORANO CYCLE - PIERRELATTE - BUTTE"
1316,"ORANO / EURODIF - USINE GEORGES BESSE"
1317,"ORANO / SET - PIERRELATTE - GBII"
1327,"ORANO / LEA - PIERRELATTE - LEA"
1333,"ORANO / ORANO CYCLE - PIERRELATTE - UDG &  AUTRES INSTALLATIONS EN DEMANTELEMENT"
1395,"ORANO / ORANO CYCLE - PIERRELATTE - STD"
1467,"IRSN - INTERVENTION ET ASSISTANCE EN RADIOPROTECTION - SUD EST"
1469,"IRSN - LABORATOIRE DE RADIOTOXICOLOGIE"
1471,"FRAMATOME - SITE DE ROMANS"
1498,"STE CHAMBARD - SAINT-PAUL-LES-ROMANS"
1499,"ORANO / ORANO CYCLE - USINE DE CONVERSION"
1517,"EDF - TRICASTIN - CNPE"
1592,"COMURHEX (STE REYNAUD) - SOLERIEUX"
1594,"CENTRE HOSPITALIER DE VALENCE - MEDECINE NUCLEAIRE - SCINTIGRAPHIE - RADIOTHERAPIE"
1595,"CRIIRAD - Laboratoire"
1597,"ORANGE - PARAFOUDRES VALENCE"
1600,"CHUBB SECURITE - ACQUIGNY"
1605,"ARMEE DE L'AIR - BA 105 EVREUX"
1607,"CLINIQUE BERGOUIGNAN - MEDECINE NUCLEAIRE - SCINTIGRAPHIE"
1608,"GROUPEMENT EUROIS D'IMAGERIE MEDICALE - MEDECINE NUCLEAIRE"
1609,"ARKEMA - SERQUIGNY - USINE"
1610,"SITA IDF - BAILLEAU-ARMENONVILLE"
1611,"SAS SATURNE - CISEL"
1612,"ARMEE DE L'AIR - EAR 279 CHATEAUDUN"
1619,"BEAUFOUR-IPSEN INDUSTRIE S.A. - PREFORMULATION - SERVICE DEVELOPPEMENT PRODUIT"
1622,"MARINE NATIONALE - DSSF BREST"
1624,"MARINE NATIONALE - LASEM BREST"
1630,"MARINE NATIONALE - SLM BREST"
1664,"CENTRE HOSPITALIER REGIONAL UNIVERSITAIRE DE BREST - HÔPITAL AUGUSTIN MORVAN - MEDECINE NUCLEAIRE"
1665,"CENTRE HOSPITALIER REGIONAL UNIVERSITAIRE DE BREST- HÔPITAL DE LA CAVALE BLANCHE - BIOLOGIE, BIOCHIMIE, ANATOMIE PATHOLOGIE"
1666,"CENTRE HOSPITALIER REGIONAL UNIVERSITAIRE DE BREST- HÔPITAL DE LA CAVALE BLANCHE - MEDECINE NUCLEAIRE - SCINTIGRAPHIE"
1667,"UNIVERSITE DE BRETAGNE OCCIDENTALE - INSERM U1078 ECLA - FACULTE DE MEDECINE"
1673,"STATION DE BIOLOGIE MARINE - MUSEUM & COLLEGE DE FRANCE "
1677,"MARINE NATIONALE - BASE ILE LONGUE"
1706,"MARINE NATIONALE - BAN LANDIVISIAU"
1709,"MARINE NATIONALE - CELAE DET LANVEOC"
1711,"EDF - BRENNILIS - EN DECONSTRUCTION"
1741,"UNIVERSITE DE BRETAGNE OCCIDENTALE - IUEM - UMR 6538 DOMAINES OCEANIQUES"
1742,"LABORATOIRE DES SCIENCES ET DE L'ENVIRONNEMENT MARIN - CNRS - UMR 6539"
1745,"IFREMER / CENTRE BRETAGNE - RECHERCHE"
1748,"CLINIQUE SAINT-MICHEL ET SAINTE-ANNE - CENTRE DE MEDECINE NUCLEAIRE / SCINTIGRAPHIE"
1749,"STATION BIOLOGIQUE - CNRS / UMR 8227 - UMR7144 - USR 3151"
1754,"CEA CIVIL - MARCOULE (ATALANTE - PHENIX)"
1783,"CONSEILS ET ETUDES EN RADIOPROTECTION (CERAP) - AGENCE DE BAGNOLS SUR CEZE"
1784,"SITA FD - BELLEGARDE"
1788,"CEA CIVIL - MARCOULE"
1794,"CEA CIVIL - MARCOULE (APM - G1 - ISAI)"
1942,"ORANO / MELOX - MARCOULE (MELOX)"
1951,"CEA CIVIL - MARCOULE  (G2 - G3)"
1956,"SYNERGY HEALTH - GAMMATEC"
2100,"SOCODEI - CENTRACO"
2112,"CISBIO BIOASSAYS - SITE DE CODOLET"
2114,"OFFICE NATIONAL DES FORETS SERVICE FONCIER GARD HERAULT - LA GRAND COMBE"
2115,"ARMEE DE TERRE - RTSE - 4ème RMAT - NIMES"
2125,"CENTRE HOSPITALIER UNIVERSITAIRE - HÔPITAL CAREMEAU - SERVICE DE MEDECINE NUCLEAIRE ET BIOPHYSIQUE MEDICALE"
2126,"CIS BIO INTERNATIONAL - PRODUCTION RADIOPHARMACEUTIQUE (NIMES)"
2127,"SCINTIGARD - CLINIQUE DE VALDEGOUR - MEDECINE NUCLEAIRE"
2133,"ALUMINIUM PECHINEY (SITES ARRETES) - SEGOUSSAC"
2134,"EUROFINS - ADME BIOANALYSES - RECHERCHE PHARMACEUTIQUE"
2141,"IRSN - INTERVENTION ET ASSISTANCE EN RADIOPROTECTION - SUD"
2143,"DGA - DGA TECHNIQUES AERONAUTIQUES"
2146,"AREVA EXPANSION - MAINTENANCE INDUSTRIELLE"
2147,"INRA - CENTRE DE RECHERCHE de TOULOUSE MIDI-PYRENEES - CNRS - UMR 2594 LABORATOIRE DES INTERACTIONS PLANTES MICRO-ORGANISMES (LIPM)"
2148,"INRA - CENTRE DE RECHERCHE de TOULOUSE MIDI-PYRENEES - UMR 1258 CENTRE NATIONAL DE RESSOURCES GENOMIQUES VEGETALES (CNRGV)"
2149,"UNIVERSITE PAUL SABATIER - CNRS - UPS - UMR 5546 POLE DE BIOTECHNOLOGIE VEGETALE"
2156,"INRA - CENTRE DE RECHERCHE de TOULOUSE MIDI-PYRENEES - UMR 1388 GENPHYSE"
2161,"CLINIQUE DES CÈDRES - MEDECINE NUCLEAIRE"
2162,"AMATSI AVOGADRO - RECHERCHE PHARMACEUTIQUE"
2169,"PHYSIOGENEX - RECHERCHE EN BIOLOGIE"
2172,"LABORATOIRE DEPARTEMENTAL 31 EAU/VETERINAIRE - RADIOBIOLOGIE"
2173,"CRCT - RECHERCHE EN CANCEROLOGIE"
2174,"CENTRE D'IMAGERIE MOLECULAIRE ET FONCTIONNELLE (CIMOF) - SERVICE MEDECINE NUCLEAIRE, CLINIQUE PASTEUR (SMNP)"
2175,"CENTRE HOSPITALIER UNIVERSITAIRE - HÔPITAL  PURPAN - LABORATOIRE DE BIOCHIMIE  IFB"
2176,"CENTRE HOSPITALIER UNIVERSITAIRE - HÔPITAL  PURPAN - MEDECINE NUCLEAIRE - PURPAN"
2177,"CENTRE HOSPITALIER UNIVERSITAIRE - HOPITAL RANGUEIL - INSERM - UPS / UMR 1048 - I2MC"
2178,"CENTRE HOSPITALIER UNIVERSITAIRE - HÔPITAL RANGUEIL - MEDECINE NUCLEAIRE"
2179,"CLINIQUE SAINT JEAN LANGUEDOC - LABORATOIRE DE BIOLOGIE CLINIQUE MONTAGUT"
2180,"INRA - CENTRE DE RECHERCHE de TOULOUSE MIDI-PYRENEES - UMR 1331 ENVT"
2181,"INRA - CENTRE DE RECHERCHE de TOULOUSE MIDI-PYRENEES - UMR 1331 TOXALIM"
2182,"INSTITUT UNIVERSITAIRE DU CANCER TOULOUSE ONCOPOLE - Médecine nucléaire"
2183,"LABORATOIRES CYCLOPHARMA - PRODUCTION RADIOPHARMACEUTIQUE (TOULOUSE CANCEROPOLE)"
2184,"UNIVERSITE PAUL SABATIER - CNRS - UMR 5088 LBCMCP"
2185,"UNIVERSITE PAUL SABATIER - CNRS - UMR 5089 INSTITUT DE PHARMACOLOGIE ET DE BIOLOGIE STRUCTURALE"
2186,"UNIVERSITE PAUL SABATIER - CNRS - UMR 5099 LABORATOIRE DE BIOLOGIE MOLECULAIRE DES EUCARYOTES"
2187,"UNIVERSITE PAUL SABATIER - CNRS - UMR 5100 LABORATOIRE DE MICROBIOLOGIE ET GENETIQUE MOLECULAIRE (LMGM)"
2188,"UNIVERSITE PAUL SABATIER - CNRS - UMR 5547 CENTRE DE BIOLOGIE DU DEVELOPPEMENT"
2194,"CENTRE DE PHYSIOPATHOLOGIE - TOULOUSE PURPAN - INSERM U1043"
2196,"INSTITUT NATIONAL DES SCIENCES APPLIQUEES DE TOULOUSE (INSA) - CNRS - INRA - UMR 0792  LABO. INGENIERIE DES SYSTEMES BIOLOGIQUES ET DES PROCEDES  (LISBP)"
2202,"INSTITUT DE RECHERCHE PIERRE FABRE - ONCOPOLE DE TOULOUSE"
2204,"ORANGE - PARAFOUDRES TOULOUSE"
2234,"CENTRE HOSPITALIER UNIVERSITAIRE - HÔPITAL  PURPAN - PLATEFORME DE FLUORATION - CENTRE TEP"
2237,"DECHARGE D'AUDENGE - AUDENGE"
2240,"CEA DAM - CESTA ENTREPOSAGE"
2242,"CEA DAM - CESTA"
2251,"INSTITUT BERGONIE - CENTRE REGIONAL DE LUTTE CONTRE LE CANCER - RADIOTHERAPIE - CURIETHEPARIE - MEDECINE NUCLEAIRE"
2252,"INSTITUT DE BIOCHIMIE ET DE GENETIQUE CELLULAIRE - UMR 5095"
2253,"POLYCLINIQUE BORDEAUX NORD AQUITAINE - MEDECINE NUCLEAIRE - SCINTIGRAPHIE"
2254,"POLYCLINIQUE BORDEAUX NORD AQUITAINE - SELARL GOR - RADIOTHERAPIE"
2255,"UNIVERSITE DE BORDEAUX -  COMPOSANTES INNEES DE LA REPONSE IMMUNE ET DIFFERENTIATIONCNRS (CIRID) - UMR CNRS 5164"
2256,"UNIVERSITE DE BORDEAUX - INCIA - UMR CNRS 5287"
2257,"UNIVERSITE DE BORDEAUX - INSERM U869 LABORATOIRE ARNA (ARN REGULATIONS NATURELLES ET ARTIFICIELLES"
2258,"UNIVERSITE DE BORDEAUX - MICROBIOLOGIE FONDAMENTALE ET PATHOGENICITE - UMR  CNRS 5234"
2259,"UNIVERSITE DE BORDEAUX - LABORATOIRE MIXTE INSERM U 1026 - BIOPHYSIQUE + LOCAL DECHETS COMMUNS"
2261,"UNIVERSITE DE BORDEAUX - LABORATOIRE DE BIOGENESE MEMBRANAIRE - UMR CNRS 5200"
2266,"INSTITUT BERGONIE - CENTRE REGIONAL DE LUTTE CONTRE LE CANCER - INSERM U 916 - VALIDATION ET IDENTIFICATION DE NOUVELLES CIBLES EN ONCOLOGIE"
2269,"ORANGE - PARAFOUDRES BORDEAUX"
2275,"UNIVERSITE DE BORDEAUX - NUTRINEURO - UMR CNRS 1286"
2286,"EDF - BLAYAIS - CNPE"
2332,"ARMEE DE L'AIR - AIA BORDEAUX"
2338,"INDELEC - INDELEC SUD OUEST"
2340,"UNIVERSITE DE BORDEAUX - CENTRE D'ETUDE NUCLEAIRE DE BORDEAUX GRADIGNAN -  IN2P3 - UMR CNRS 5797"
2343,"ARMEE DE L'AIR - BA 106 MERIGNAC"
2345,"DASSAULT AVIATION - MERIGNAC - ASSEMBLAGE FINAL DES AVIONS"
2347,"CIS BIO INTERNATIONAL - PRODUCTION RADIOPHARMACEUTIQUE (BORDEAUX)"
2348,"UNIVERSITE DE BORDEAUX I - INSTITUT EUROPEEN DE CHIMIE ET DE BIOLOGIE INSERM USM 001"
2353,"CENTRE HOSPITALIER UNIVERSITAIRE DE BORDEAUX - HÔPITAL HAUT LEVEQUE - MEDECINE NUCLEAIRE - SCINTIGRAPHIE -  RADIOTHERAPIE"
2354,"CENTRE HOSPITALIER UNIVERSITAIRE DE BORDEAUX - HÔPITAL PELLEGRIN - MEDECINE NUCLEAIRE - SCINTIGRAPHIE -  RADIOTHERAPIE - BIOLOGIE"
2358,"CENTRE HOSPITALIER UNIVERSITAIRE DE BORDEAUX - HÔPITAL SAINT-ANDRE - RADIOTHERAPIE"
2359,"ARMEE DE L'AIR - BA 120 CAZAUX"
2369,"ARMEE DE TERRE - RTSO - 3EME RMAT VAYRES"
2409,"INRA - CENTRE DE RECHERCHE DE BORDEAUX-AQUITAINE - INRA - UMR 1332  BIOLOGIE DU FRUIT ET PATHOLOGIE"
2410,"INRA - CENTRE DE RECHERCHE DE BORDEAUX-AQUITAINE - UMR ISPA"
2415,"CENTRE LIBERAL DE MEDECINE NUCLEAIRE - SCINTIGRAPHIE"
2416,"ORANO / ORANO MINING - LODEVE - MINE"
2421,"GENDARMERIE - RG DU LANGUEDOC ROUSSILLON"
2433,"CENTRE DE COOPERATION INTERNATIONALE EN RECHERCHE AGRONOMIQUE POUR LE DEVELOPPEMENT (CIRAD) - SITE BAILLARGUET - LABORATOIRE SYMBIOSES TROPICALES ET MEDITERRANEENNES (LSTM TA82)"
2434,"CENTRE DE COOPERATION INTERNATIONALE EN RECHERCHE AGRONOMIQUE POUR LE DEVELOPPEMENT (CIRAD) - UMR DEVELOPPEMENT ET AMELIORATION DES PLANTES (DAP)"
2435,"CHU DE MONTPELLIER (HOPITAUX GUI DE CHAULIAC, ET LAPEYRONIE) - SERVICES DE MEDECINE NUCLEAIRE (REGROUPEMENT)"
2436,"CLINIQUE CLEMENTVILLE - CENTRE DE RADIOTHERAPIE - CURIETHERAPIE"
2437,"CNRS - MONTPELLIER - CNRS - UMR 5203 - INSTITUT DE GENOMIQUE FONCTIONNELLE (IGF)"
2438,"CNRS - MONTPELLIER - CNRS - UMR 5237 CENTRE DE RECHERCHE DE BIOCHIMIE MACROMOLECULAIRE"
2439,"CNRS - MONTPELLIER - CNRS - UMR 5535 INSTITUT DE GENETIQUE MOLECULAIRE DE MONTPELLIER"
2440,"CNRS - MONTPELLIER - UMR CNRS 9002 "
2441,"GCS UNITEP - TEP VAL D'AURELLE SCINTIDOC"
2442,"ICM - Val d'Aurelle - MEDECINE NUCLEAIRE"
2443,"INRA - CENTRE DE RECHERCHE DE MONTPELLIER - UMR BIOCHIMIE ET PHYSIOLOGIE MOLECULAIRE DES PLANTES (BPMP)"
2444,"INRA - CENTRE DE RECHERCHE DE MONTPELLIER - UMR DYNAMIQUE MUSCULAIRE ET METABOLISME (DMEM)"
2445,"INSTITUT DE RECHERCHE POUR LE DEVELOPPEMENT (IRD) DE MONTPELLIER - GENETROP - UNITE RPB/DIADE"
2446,"INSTITUT REGIONAL DU CANCER - INSTITUT DE RECHERCHE EN CANCEROLOGIE DE MONTPELLIER -INSERM U1194"
2447,"SCINTIDOC - CLEMENTVILLE"
2448,"SCINTIDOC - MILLENAIRE CENTRE MEDICAL ODYSSEUM"
2449,"UNIVERSITE DE MONTPELLIER I - FACULTE DE PHARMACIE - IBMM - UMR CNRS 5247 RECHERCHE PHARMACOLOGIE CELLULAIRE"
2450,"UNIVERSITE DE MONTPELLIER II - SCIENCES ET TECHNIQUES - UM2 - UMR CNRS 5243 GEOSCIENCE MONTPELLIER"
2451,"UNIVERSITE DE MONTPELLIER II - SCIENCES ET TECHNIQUES - UMR CNRS 5235 DYNAMIQUE DES INTERACTIONS MEMBRANAIRES NORMALES ET PATHOLOGIQUES"
2452,"UNIVERSITE DE MONTPELLIER II - SCIENCES ET TECHNIQUES - DIRECTION HYGIENE ET SECURITE"
2455,"UNIVERSITE DE MONTPELLIER II - SCIENCES ET TECHNIQUES - INSERM U1198"
2456,"INRA - CENTRE DE RECHERCHE DE MONTPELLIER - UMR LABORATOIRE D'ECOPHYSIOLOGIE DES PLANTES SOUS STRESS ENVIRONNEMENTAUX (LEPSE)"
2457,"INSTITUT UNIVERSITAIRE DE RECHERCHE CLINIQUE - INSERM - U 827 - LABORATOIRE DE GENETIQUE MOLECULAIRE"
2458,"INRA - CENTRE DE RECHERCHE DE MONTPELLIER - UMR 1083 SCIENCES POUR L'OENOLOGIE (SPO)"
2462,"SANOFI - AVENTIS R&D - RECHERCHE ET DEVELOPPEMENT (MONTPELLIER)"
2465,"UNIVERSITE DE MONTPELLIER I - FACULTE DE PHARMACIE - IBMM - UMR CNRS 5247 RECHERCHE POLYMERES ARTIFICIELS"
2468,"ORANGE - PARAFOUDRES MONTPELLIER"
2469,"INRA - CENTRE DE RECHERCHE DE MONTPELLIER - UMR LABORATOIRE DES INTERACTIONS SOL-AGROSYSTEME-HYDROSYSTEME (LISAH)"
2510,"ARMEE DE TERRE - RTNO - 2EME RMAT - BRUZ"
2542,"DGA - MAITRISE DE L'INFORMATION"
2563,"EICHROM LABORATOIRE - ANALYSES ENVIRONNEMENTALES"
2564,"INDELEC - INDELEC OUEST"
2571,"ANSES - LABORATOIRE DE FOUGERES"
2577,"ORANGE - PARAFOUDRES MONTFORT SUR MEU"
2578,"CENTRE EUGÈNE MARQUIS - CENTRE REGIONAL DE LUTTE CONTRE LE CANCER - MEDECINE NUCLEAIRE - SCINTIGRAPHIE -  RADIOANALYSE"
2579,"CIS BIO INTERNATIONAL - PRODUCTION RADIOPHARMACEUTIQUE (PSU / FDG  RENNES)"
2580,"HOPITAL DE PONTCHAILLOU - PLATEFORME ISOTOPIQUE DE BIOLOGIE - UMR 917 "
2581,"INRA - CENTRE DE RECHERCHE DE RENNES - LABORATOIRE DE PHYSIOLOGIE ET GENOMIQUE DES POISSONS"
2582,"UNIVERSITE DE RENNES I - CAMPUS VILLEJEAN - CNRS - UMR 6290 - IGDR"
2583,"UNIVERSITE DE RENNES I - INSERM U 835 FONCTION STRUCTURE ET INACTIVATION ARN BACTERIEN"
2584,"UNIVERSITE DE RENNES I - INSERM UMR U1085"
2586,"CENTRE DE RECHERCHE DE RENNES - AGROCAMPUS - LABORATOIRE DE BIOCHIMIE"
2588,"UNIVERSITE DE RENNES 1 - FACULTE DE PHARMACIE - INSERM U 1085 - IRSET"
2590,"UNIVERSITE DE RENNES I - INSERM -  U991 - FOIE, METABOLISMES ET CANCER"
2595,"UNIVERSITE DE RENNES I - CNRS - UMR 6118 GEOSCIENCES DE RENNES"
2613,"INRA - CENTRE DE RECHERCHE DE RENNES - UMR PEGASE (PHYSIOLOGIE, ENVIRONNEMENT ET GENETIQUE POUR L'ANIMAL ET LES SYSTEMES D'ELEVAGE)"
2617,"BIOPROJET - BIOTECH - CENTRE DE RECHERCHE / BIOCHIMIE"
2618,"CENTRE HOSPITALIER PRIVE SAINT GREGOIRE (EX. CLINIQUE SAINT-VINCENT) - CENTRE D'EXPLORATIONS ISOTOPIQUES"
2619,"EUROSAFE - ETUDE DE METABOLISME"
2627,"CENTRE D'EXPLORATIONS ISOTOPIQUES - SITE DE SAINT-MALO"
2628,"GENDARMERIE - ECASGN"
2680,"CENTRE D'IMAGERIE SCINTIGRAPHIQUE BLESOIS ET REGIONAL (CIBER) - MEDECINE NUCLEAIRE"
2681,"ARMEE DE TERRE - RTNO - 12ème BSMAT - NEUVY-PAILLOUX"
2682,"EDF - CHINON - AMI"
2686,"EDF - CHINON - EN DECONSTRUCTION"
2687,"EDF - CHINON B - CNPE"
2800,"POLE SANTE LEONARD DE VINCI - CENTRE DE MEDECINE NUCLEAIRE"
2801,"ARMEE DE L'AIR - BA 705 CINQ MARS"
2813,"INRA - CENTRE DE RECHERCHE DE TOURS - UMR PCR (PHYSIOLOGIE DE LA REPRODUCTION ET DES COMPORTEMENTS)"
2814,"INRA - CENTRE DE RECHERCHE DE TOURS - UMR1282 ISP 213-311 (INFECTIOLOGIE ET SANTE PUBLIQUE)"
2821,"ARMEE DE L'AIR - BA 705 - TOURS"
2823,"CENTRE D''ETUDES ET DE RECHERCHE SUR LES RADIO-PHARMACEUTIQUES - INSERM U 930 (POUR PARTIE) IMAGERIE ET CERVEAU"
2824,"CENTRE HOSPITALIER RÉGIONAL UNIVERSITAIRE DE TOURS - HÔPITAL TROUSSEAU - MEDECINE NUCLEAIRE - SCINTIGRAPHIE"
2825,"CENTRE HOSPITALIER UNIVERSITAIRE DE TOURS - HÔPITAL BRETONNEAU - LABORATOIRE DE MEDECINE NUCLEAIRE - BIOLOGIE"
2826,"CENTRE HOSPITALIER UNIVERSITAIRE DE TOURS - HÔPITAL BRETONNEAU - SERVICE DE MEDECINE NUCLEAIRE - IMAGERIE - THERAPIE - RECHERCHE BIOMEDICALE"
2827,"LABORATOIRES CYCLOPHARMA - PRODUCTION RADIOPHARMACEUTIQUE (TOURS)"
2828,"UFR MEDECINE - Laboratoire de Biophysique INSERM U 930"
2829,"UNIVERSITE FRANCOIS RABELAIS DE TOURS - INSERM U 1100 - BATIMENT M"
2830,"UNIVERSITE FRANCOIS RABELAIS DE TOURS - UFR PHARMACIE - UMR 7292 GICC (GENETIQUE IMMUNOTHERAPIE CHIMIE ET CANCER)"
2831,"UNIVERSITE FRANCOIS RABELAIS DE TOURS - FACULTE DES SCIENCES - CNRS - UMR 7261 (INSTITUT DE RECHERCHE SUR LA BIOLOGIE DE L'INSECTE)"
2846,"ORANGE - PARAFOUDRES LA VILLE AUX DAMES"
2847,"CENTRE DE RECHERCHES SUR LES MACROMOLECULES VEGETALES - CNRS-UGA-UPR5301"
2850,"ILL - INSTITUT LAUE LANGEVIN"
2869,"CEA CIVIL - CENTRE DE GRENOBLE"
2876,"CENTRE HOSPITALIER UNIVERSITAIRE DE GRENOBLE - HOPITAL NORD - CLINIQUE DE MEDECINE NUCLEAIRE ET INSTITUT DE BIOLOGIE ET DE PATHOLOGIE"
2877,"SCINTEP - MEDECINE NUCLEAIRE"
2878,"UNIVERSITE GRENOBLES ALPES - INSTITUT DES NEUROSCIENCES - INSERM - U 836"
2879,"UNIVERSITE DE GRENOBLE I - LABORATOIRE DE PHYSIQUE SUBATOMIQUE ET DE COSMOLOGIE (LPSC) - IN2P3 CNRS"
2888,"UNIVERSITE GRENOBLES ALPES - UFR DE BIOLOGIE - CNRS - LABORATOIRE D'ECOLOGIE ALPINE (LECA)"
2897,"UNIVERSITE GRENOBLES ALPES - INSTITUT DOLOMIEU"
2898,"LABORATOIRES CYCLOPHARMA - PRODUCTION RADIOPHARMACEUTIQUE (JANNEYRIAS)"
2902,"FRAMATOME - JARRIE (USINE DE CEZUS)"
2906,"ROLLS-ROYCE CIVIL NUCLEAR SAS - SITE DE MEYLAN"
2911,"EDF - CREYS-MALVILLE - EN DECONSTRUCTION"
2943,"EDF - SAINT-ALBAN - CNPE"
2999,"SIGMA ALDRICH CHIMIE - SAINT QUENTIN FALLAVIER"
3002,"NCT - Maintenance conteneurs"
3004,"ETABLISSEMENT FRANCAIS DU SANG - RHONE ALPES - IMMUNOBIOLOGIE ET IMMUNOTHERAPIE DES MALADIES CHRONIQUES"
3005,"UNIVERSITE GRENOBLES ALPES - FACULTE DE MEDECINE DE GRENOBLE - INSERM U1039 - RADIOPHARMACEUTIQUES BIOCLINIQUES"
3006,"UNIVERSITE GRENOBLES ALPES - INSTITUT ALBERT BONNIOT - INSERM-UJF - U 823 ONTOGENESE - ONCOGENESE MOLECULAIRES"
3013,"SOCIETE COQUAND - VIF (DECHARGE DU SERF)"
3014,"INOL IMAGERIE NUCLEAIRE DE L'OUEST LYONNAIS ET DE L'AIN - MEDECINE NUCLEAIRE - LONS LE SAUNIER"
3015,"SYNDICAT MIXTE DE GESTION DES MILIEUX NATURELS - ARJUZANX"
3016,"DGA - ESSAIS DE MISSILES"
3020,"ARMEE DE L'AIR - BA 118 MONT-DE-MARSAN"
3024,"CENTRE HOSPITALIER DE MONT DE MARSAN - MEDECINE NUCLEAIRE - MONT DE MARSAN"
3025,"TURBOMECA / GROUPE SAFRAN - DIRECTION ETABLISSEMENT TARNOS"
3026,"CENTRE D'IMAGERIE SCINTIGRAPHIQUE BLESOIS ET REGIONAL (CIBER) - CENTRE HOSPITALIER DE BLOIS - SCINTIGRAPHIE"
3027,"ARMEE DE L'AIR - DA 273 ROMORANTIN"
3051,"EDF - SAINT-LAURENT - EN DECONSTRUCTION"
3053,"EDF - SAINT-LAURENT B - CNPE"
3142,"UNIFRAX - USINE DE LORETTE"
3143,"CLINIQUE DU RENAISON - CENTRE D'IMAGERIE NUCLEAIRE (CIN) - SCINTIGRAPHIE "
3144,"GROUPE NEXTER - NEXTER SYSTEMS DE ROANNE"
3146,"CENTRE HOSPITALIER PRIVE DE LA LOIRE - CENTRE D'IMAGERIE NUCLEAIRE (CIN) - SCINTIGRAPHIE - THERAPEUTIQUE"
3147,"CENTRE HOSPITALIER UNIVERSITAIRE DE ST ETIENNE - HÔPITAL NORD - MEDECINE NUCLEAIRE"
3148,"ECOLE NATIONALE SUPERIEURE DES MINES DE SAINT-ETIENNE (ENSM-SE) - RADIOPROTECTION"
3168,"MORGAN - THERMAL CERAMICS"
3170,"ORANO / ORANO MININGS - LES BOIS NOIRS LIMOUZAT - MINE"
3176,"CENTRE HOSPITALIER EMILE ROUX -  CENTRE D'IMAGERIE NUCLEAIRE"
3177,"ORANO / ORANO MINING - L'ECARPIERE - MINE"
3182,"BONDUELLE SAS - BONDUELLE"
3184,"CENTRE CATHERINE DE SIENNE - MEDECINE NUCLEAIRE"
3185,"CENTRE HOSPITALIER UNIVERSITAIRE - HÔPITAL GUILLAUME ET RENE LAENNEC - MEDECINE NUCLEAIRE - SCINTIGRAPHIE"
3186,"CENTRE HOSPITALIER UNIVERSITAIRE DE NANTES - HOTEL DIEU - LABORATOIRE DE RADIO-IMMUNO-ANALYSE"
3187,"CENTRE HOSPITALIER UNIVERSITAIRE DE NANTES - HOTEL DIEU - MEDECINE NUCLEAIRE - SCINTIGRAPHIE -  RADIOTHERAPIE"
3188,"ONIRIS (ANC. ECOLE NATIONALE VETERINAIRE DE NANTES) - LDHVET  (EX. LDH)"
3189,"UNIVERSITE DE NANTES - EMN - IN2P3 -ARMINES - IN2P3 - CNRS - LABO. DE PHYSIQUE SUBATOMIQUE ET DES TECHNOLOGIES ASSOCIEES (SUBATECH)"
3190,"UNIVERSITE DE NANTES - FACULTE DE MEDECINE - Plate-Forme de Radioactivité de l'IRT UN"
3193,"FACULTE DE CHIRURGIE DENTAIRE DE NANTES - LIOAD - INSERM UMR 791"
3198,"ORANGE - PARAFOUDRES NANTES"
3208,"GIP ARRONAX - CYCLOTRON DE PRODUCTION ET RECHERCHE"
3209,"INSTITUT DE CANCEROLOGIE DE L'OUEST - PHYSIQUE MEDICALE "
3210,"SOCIETE CHELATEC - RADIOMARQUAGE MOLECULAIRE"
3225,"GIE MEDECINE NUCLEAIRE NAZAIRIEN - MEDECINE NUCLEAIRE"
3226,"EST LOIRET IMAGERIE SCINTIGRAPHIQUE - MEDECINE NUCLEAIRE"
3227,"EDF - DAMPIERRE - CNPE"
3285,"THALES AIR SYSTEMS - CUSTOMER SERVICE (FLEURY-LES-AUBRAIS)"
3290,"BIOLOGIE SERVIER - TOXICOLOGIE"
3294,"BERTIN PHARMA SA - RADIOCHIMIE"
3295,"CENTRE HOSPITALIER REGIONAL D'ORLEANS - MEDECINE NUCLEAIRE LA SOURCE"
3296,"CNRS - ORLEANS - CDTA (CENTRE DE DISTRIBUTION, TYPAGE ET ARCHIVAGE ANIMAL)"
3297,"CNRS - ORLEANS - CNRS - CBM A - UPR 4301"
3298,"CNRS - ORLEANS - CNRS - CEMHTI - UPR 3079 CONDITIONS EXTREMES ET MATERIAUX : HAUTE TEMPERATURE ET IRRADIATION"
3299,"CNRS - ORLEANS - IRAMAT (CENTRE DE RECHERCHE SUR LES ARCHEOMATERIAUX)"
3300,"BUREAU DE RECHERCHES GEOLOGIQUES ET MINIERES (BRGM) - ETUDE DE DIFFUSION - TRACAGE ET DATATION"
3304,"TECHNOLOGIE SERVIER - CENTRE DE PHARMACOCINETIQUE ET DE METABOLISME"
3308,"CILAS - COMPAGNIE INDUSTRIELLE DES LASERS"
3327,"SARL MIPE (GESI) - PITHIVIERS"
3328,"SCM INOV - SERVICES DE SCINTIGRAPHIE ET MEDECINE NUCLEAIRE - POLE SANTE ORELIANCE"
3329,"FRAMATOME - SULLY-SUR-LOIRE - CEDOS"
3331,"CEA DAM - GRAMAT"
3339,"CENTRE HOSPITALIER D'AGEN SAINT-ESPRIT - MEDECINE NUCLEAIRE - SCINTIGRAPHIE - BIOPHYSIQUE"
3340,"ORANO / ORANO MINING - LE CELLIER - MINE"
3345,"CENTRE HOSPITALIER UNIVERSITAIRE D'ANGERS - HOPITAL LARREY - MEDECINE NUCLEAIRE"
3346,"CENTRE HOSPITALIER UNIVERSITAIRE D'ANGERS - HOPITAL LARREY - Unité fonctionelle d'hormonologie"
3347,"INSTITUT DE CANCEROLOGIE DE L'OUEST - MEDECINE NUCLEAIRE"
3348,"UNIVERSITE D'ANGERS - PLATEFORME DE RADIOBIOLOGIE ET D'IMAGERIE EXPERIMENTALE (PRIMEX) U 1066"
3349,"UNIVERSITE D'ANGERS - LABORATOIRE DE RECHERCHE"
3355,"SITA FD - CHAMPTEUSSE-SUR-BACONNE"
3356,"DGA - CHERBOURG - ETAC DIVERS"
3358,"MARINE NATIONALE - EAMEA CHERBOURG"
3375,"DGA - CHERBOURG - ETAC SNLE"
3387,"MARINE NATIONALE - LASEM CHERBOURG"
3405,"CONSEILS ET ETUDES EN RADIOPROTECTION (CERAP) - AGENCE DE CHERBOURG"
3406,"POLYCLINIQUE DU COTENTIN - SERVICE DE MEDECINE NUCLEAIRE"
3407,"IRSN - LABORATOIRE DE RADIOECOLOGIE"
3412,"ORANO / ORANO CYCLE - LA HAGUE - ATTILA"
3416,"ORANO / ORANO CYCLE - LA HAGUE - ELAN II B"
3418,"ANDRA CENTRE DE STOCKAGE EN SURVEILLANCE - DIGULLEVILLE - CSM"
3430,"ORANO / ORANO CYCLE - LA HAGUE - USINE"
3508,"EDF - FLAMANVILLE - CNPE"
3558,"LABÉO MANCHE - MESURES DE RADIOACTIVITE (ENVIRONNEMENT, ALIMENTS)"
3565,"CENTRE D'IMAGERIE MOLECULAIRE D'AVRANCHES - SCINTIGRAPHIE"
3566,"ORANGE - PARAFOUDRES CHALONS EN CHAMPAGNE"
3567,"AFICA - TRI DE MATERIAUX DE RECUPERATION / AFFINAGE DE METAUX CUIVREUX"
3568,"ORFLAM PLAST - PARGNY-SUR-SAULX (Bâtiments usine)"
3569,"CEA DAM - MORONVILLIERS"
3574,"CENTRE HOSPITALIER UNIVERSITAIRE DE REIMS - HÔPITAL ROBERT DEBRE - BIOLOGIE, RADIOIMMUNOLOGIE"
3575,"INSTITUT JEAN GODINOT - MEDECINE NUCLEAIRE"
3576,"POLYCLINIQUE DE COURLANCY - CURIETHERAPIE"
3577,"UNIVERSITE DE REIMS CHAMPAGNE-ARDENNE - UFR MEDECINE - LABORATOIRE DE BIOCHIMIE ET BIOLOGIE MOLECULAIRE - CNRS UMR 7369"
3579,"UNIVERSITE DE REIMS CHAMPAGNE-ARDENNE - CNRS UMR 7312 - LABORATOIRE DE CHIMIE BIOORGANIQUE"
3583,"UNIVERSITE DE REIMS CHAMPAGNE-ARDENNE - UFR SCIENCES EXACTES ET NATURELLES - LABORATOIRE SIRMA - UMR URCA/CNRS 7369"
3591,"CENTRE HOSPITALIER DE CHAUMONT - MEDECINE NUCLEAIRE"
3592,"ARMEE DE L'AIR - BA 113"
3594,"POLYCLINIQUE DE LA MAYENNE - MEDECINE NUCLEAIRE"
3595,"CENTRE D'IMAGERIE MEDICALE JACQUES CALLOT - MEDECINE NUCLEAIRE"
3596,"ARMEE DE L'AIR - BA 133 NANCY"
3597,"CENTRE HOSPITALIER UNIVERSITAIRE DE NANCY - HÔPITAL CENTRAL - LABORATOIRE D'HORMONO-ONCO-NEUROBIOLOGIE HC"
3598,"CENTRE HOSPITALIER UNIVERSITAIRE DE NANCY - HÔPITAL CENTRAL - MEDECINE NUCLEAIRE"
3599,"CENTRE HOSPITALIER UNIVERSITAIRE DE NANCY - HÔPITAL CENTRAL - MEDECINE NUCLEAIRE - SCINTIGRAPHIE -  RADIOTHERAPIE -  BIOLOGIE"
3600,"CIS BIO INTERNATIONAL - CIS BIO INTERNATIONAL VANDOEUVRE"
3601,"UNIVERSITE DE LORRAINE - Faculté de Médecine, IMoPA, UMR 7365 Secteur 1"
3602,"UNIVERSITE DE LORRAINE - LABORATOIRE CRAN UMR 7039 "
3603,"UNIVERSITE DE LORRAINE - UMR 7365 CNRS - INGENIERIE MOLECULAIRE ET PHYSIOPATHOLOGIE ARTICULAIRE (IMOPA)"
3604,"UNIVERSITE DE LORRAINE - UMR UL-INSERM U954 / BIOCHIMIE"
3605,"INSTITUT NATIONAL DE RECHERCHE SUR LA SECURITE (INRS) - CENTRE DE LORRAINE - TOXICOLOGIE"
3606,"ECOLE NATIONALE SUPERIEURE D'AGRONOMIE ET DES INDUSTRIES ALIMENTAIRES (ENSAIA) - LABORATOIRE SOLS ET ENVIRONNEMENT"
3609,"UNIVERSITE DE LORRAINE - UMR 7360 - SITE DES AIGUILLETES"
3631,"ANDRA CMHM - EXPERIMENTATIONS"
3633,"IMERYS CERAMICS FRANCE - PLOEMEUR"
3634,"CENTRE DE MEDECINE NUCLEAIRE DU MORBIHAN (CMNM) - CLINIQUE DU TER / SCINTIGRAPHIE"
3635,"MARINE NATIONALE - CELAE DET LANN-BIHOUE"
3666,"CENTRE DE MEDECINE NUCLEAIRE DU MORBIHAN - CENTRE HOSPITALIER BRETAGNE ATLANTIQUE - SCINTIGRAPHIE - TOMOGRAPHIE D'EMISSION DE POSITRONS"
3667,"EDF - CATTENOM - CNPE"
3722,"CENTRE HOSPITALIER ROBERT PAX - MEDECINE NUCLEAIRE"
3723,"CENTRE HOSPITALIER REGIONAL DE METZ-THIONVILLE - HOPITAL DE MERCY - MEDECINE NUCLEAIRE"
3724,"COTTEL-RESEAUX - AGENCE DE METZ"
3725,"CENTRE HOSPITALIER REGIONAL DE METZ-THIONVILLE - HOPITAL DE BEL AIR - MEDECINE NUCLEAIRE"
3726,"CENTRE HOSPITALIER PIERRE BEREGOVOY - MEDECINE NUCLEAIRE"
3728,"DGA - DAMA"
3733,"CLINIQUE RADIOLOGIQUE DU PARC HPVA IMANORD - SERVICE DE MEDECINE NUCLEAIRE"
3734,"UNIVERSITE LILLE 1 - SERVICE HYGIENE ET SECURITE CELLULE RADIOPROTECTION"
3736,"ECOLE NATIONALE SUPERIEURE DE CHIMIE DE LILLE - UCCS - UMR CNRS 8181-AXE CHIMIE DU SOLIDE"
3744,"INDELEC - INDELEC NORD"
3746,"CENTRE DE MEDECINE NUCLEAIRE / NUCLERIDIS - ACTIVITES MEDICALES"
3747,"EDF - GRAVELINES - CNPE"
3807,"CENTRE HOSPITALIER REGIONAL UNIVERSITAIRE DE LILLE - HÔPITAL CLAUDE HURIEZ - SERVICE DE MEDECINE NUCLEAIRE"
3808,"CENTRE HOSPITALIER REGIONAL UNIVERSITAIRE DE LILLE - HÔPITAL ROGER SALENGRO - MEDECINE NUCLEAIRE - IMAGERIE FONCTIONNELLE"
3809,"CENTRE HOSPITALIER REGIONAL UNIVERSITAIRE DE LILLE - LABORATOIRE RADIO IMMUNO ANALYSE CBP"
3810,"CENTRE OSCAR LAMBRET - MEDECINE NUCLEAIRE"
3811,"CNRS - INSTITUT DE BIOLOGIE DE LILLE - CNRS-UMS3702"
3812,"FACULTE DE MEDECINE - POLE RECHERCHE - UMR1011 - RECEPTEURS NUCLEAIRES, MALADIES CARDIOVASCULAIRES ET DIABETE"
3813,"GIE HUMANITEP - HUMANITEP LILLE"
3814,"INSTITUT NATIONAL DE LA SANTE ET DE LA RECHERCHE SUR LE CANCER - INSERM - UMR-S1172  JPARC"
3815,"POLYCLINIQUE DU BOIS - GIE NORD-TEP - SERVICE DE TEP-TDM"
3816,"POLYCLINIQUE DU BOIS - SCM HERMEUGOZ - SERVICE DE MEDECINE NUCLEAIRE"
3817,"SCP DOCTEURS BLANC - PIERRE DERUYTER - HUGENTOBLER - LECOUFFE - MEDECINE NUCLEAIRE"
3818,"UNIVERSITE DE LILLE 2 - MicroTEP"
3819,"UNIVERSITE DE LILLE 2 - PLATEFORME DE BINDING"
3821,"INSTITUT PASTEUR DE LILLE - INSERM - U1011 (EX 545) (RECEPTEURS NUCLEAIRES, LIPOPROTEINES ET ATHEROSCLEROSE) RUE PR. CALMETTE"
3836,"PRODUITS CHIMIQUES DE LOOS - LOOS (LAGUNE DE VERNAY)"
3837,"GENFIT - GENFIT LILLE"
3840,"FRAMATOME / SOMANU - MAUBEUGE (SOMANU)"
3846,"CENTRE D'IMAGERIE NUCLEAIRE (CIN) SAMBRE AVESNOIS / POLYCLINIQUE DU VAL DE SAMBRE - MEDECINE NUCLEAIRE"
3847,"GIE NORD EST IMAGERIE - HOPITAL VICTOR PROVO - MEDECINE NUCLEAIRE"
3848,"GIE TEP de l'Union - TEP ROUBAIX"
3849,"CENTRE HOSPITALIER DE VALENCIENNES - MEDECINE NUCLEAIRE"
3850,"CENTRE HOSPITALIER DE BEAUVAIS - SCINTIGRAPHIE"
3851,"STS SA - MEDECINE NUCLEAIRE"
3852,"UTC COMPIEGNE -  DEPARTEMENT DE BIOLOGIE - UMR CNRS 6022 GENIE ENZYMATIQUE ET CELLULAIRE"
3856,"ARMEE DE L'AIR - BA 110 CREIL"
3857,"CIRIOS - MEDECINE NUCLEAIRE CREIL"
3858,"INERIS - DRC/VIVA"
3862,"ESPACE ARTOIS SANTE ARRAS - MEDECINE NUCLEAIRE"
3863,"INSTITUT CALOT - FONDATION HOPALE - MEDECINE NUCLEAIRE - SCINTIGRAPHIE"
3864,"CENTRE HOSPITALIER GERMON ET GAUTHIER DE BETHUNE-BEUVRY - MEDECINE NUCLEAIRE - SCINTIGRAPHIE"
3866,"ADVANCED ACCELERATOR APPLICATIONS - LABORATOIRE DE BEUVRY"
3873,"SOCIETE D'IMAGERIE MEDICALE DE BOIS BERNARD (SIMBB) - SCINTIGRAPHIE"
3874,"CENTRE HOSPITALIER DE BOULOGNE-SUR-MER - HÔPITAL DOCTEUR DUCHENNE - MEDECINE NUCLEAIRE"
3875,"HUNTSMAN P&A FRANCE - CALAIS"
3876,"GRANDE PAROISSE SA. - DOUVRIN"
3877,"UNIVERSITE D'ARTOIS - Laboratoire de la Barrière Hémato-encéphalique"
3880,"SITA FD - MENNEVILLE"
3881,"UNIVERSITE DES SCIENCES ET TECHNOLOGIE DE LILLE 1 - UMR CNRS 8187 - LABORATOIRE D'OCEANOGRAPHIE ET DE GEOSCIENCES (LOG)"
3883,"ARMEE DE L'AIR - AIA CLERMONT-FERRAND"
3893,"BIOGEMMA S.A.S. - LABORATOIRE R&D DE BIOLOGIE MOLECULAIRE VEGETALE"
3894,"CENTRE HOSPITALIER UNIVERSITAIRE - HÔPITAL GABRIEL MONTPIED - UMR 990 INSERM / UDA  IMAGERIE MOLECULAIRE ET THERAPIE VECTORISEE  ETUDES METABOLIQUES DES MOLECULES MARQUEES  (EX U 484)"
3895,"CENTRE JEAN PERRIN - CENTRE REGIONAL DE LUTTE CONTRE LE CANCER - MEDECINE NUCLEAIRE"
3896,"POLE SANTE REPUBLIQUE - SCINTIDOME"
3897,"UFR MEDECINE PHARMACIE - INSERM - U 931 GENETIQUE, REPRODUCTION ET DEVELOPPEMENT"
3900,"MERCK SHARP & DOHME - CHIBRET - MICROSCOPIE ELECTRONIQUE"
3901,"ORANGE - PARAFOUDRES CLERMONT-FERRAND"
3910,"ORANGE - ISSOIRE"
3911,"ORANO / ORANO MINING - ROPHIN - MINE"
3912,"LABORATOIRES CYCLOPHARMA - PRODUCTION RADIOPHARMACEUTIQUE (SAINT-BEAUZIRE)"
3916,"INRA - CENTRE DE RECHERCHE DE CLERMONT FERRAND - THEIX - THEIX - UNITE DE NUTRITION HUMAINE (UNH)"
3917,"INRA - CENTRE DE RECHERCHE DE CLERMONT FERRAND - THEIX - THEIX - UNITE DE RECHERCHES SUR LES HERBIVORES (URH)"
3925,"FONDERIE MESSIER - ARUDY"
3926,"CENTRE HOSPITALIER DE LA COTE BASQUE - MEDECINE NUCLEAIRE - SCINTIGRAPHIE -  RADIOTHERAPIE"
3928,"TURBOMECA / GROUPE SAFRAN - SECURITE, SANTE, ENVIRONNEMENT"
3929,"TOTAL PRODUCTION - LACQ"
3932,"CENTRE HOSPITALIER FRANCOIS MITTERRAND - MEDECINE NUCLEAIRE - BIOLOGIE"
3933,"TOTAL  S.A. - Etablissement de Pau"
3936,"UNIVERSITE DE PAU - IPREM  - CNRS - UMR 5254  - ENVIRONNEMENT ET MICROBIOLOGIE"
3948,"GROUPE DE RADIOTHERAPIE ET D'ONCOLOGIE DES PYRENEES - CENTRE DE RADIOTHERAPIE DE PAU"
3950,"LAUMAILLE SARL - SITE D'IBOS"
3952,"CENTRE HOSPITALIER DE BIGORRE - SERVICE DE MEDECINE NUCLEAIRE"
3953,"LABORATOIRES DES PYRENEES ET DES LANDES - UNITE DE MESURE DE RADIOACTIVITE DE L'EAU"
3956,"CLINIQUE DE L'ORMEAU - GROUPE DE RADIOTHERAPIE ET D'ONCOLOGIE MEDICALE DES PYRENEES (GROP)"
3957,"OBSERVATOIRE OCEANOLOGIQUE DE BANYULS-SUR-MER - SERVICES DE L'OBSERVATOIRE DE BANYULS-SUR-MER - UPMC/CNRS/INSU"
3962,"CENTRE HOSPITALIER DE PERPIGNAN - MEDECINE NUCLEAIRE"
3963,"UNIVERSITE DE PERPIGNAN - UMR CNRS 5096 LABORATOIRE GENOME ET DEVELOPPEMENT DES PLANTES"
3965,"CENTRE HOSPITALIER DE HAGUENAU - MEDECINE NUCLEAIRE"
3966,"UNIVERSITE DE STRASBOURG - INSERM U964 - CNRS UMR 7104 - UDS - INSTITUT DE GENETIQUE ET DE BIOLOGIE MOLECULAIRE ET CELLULAIRE (IGBMC)"
3967,"UNIVERSITE DE STRASBOURG - IREBS - UMR 7242"
3971,"UNIVERSITE DE STRASBOURG - FACULTE DE PHARMACIE"
3976,"GEIE EXPLOITATION MINIERE DE LA CHALEUR - KUTZENHAUSEN"
3978,"INDELEC - PROTIBAT"
3980,"ORANGE - PARAFOUDRES SCHILTIGHEIM"
3981,"UNIVERSITE DE STRASBOURG (UDS) - REACTEUR DE CRONENBOURG"
3984,"CENTRE PAUL STRAUSS - MEDECINE NUCLEAIRE"
3985,"ETABLISSEMENT FRANCAIS DU SANG - EFS ALSACE / UMR 949 INSERM"
3986,"HOPITAUX UNIVERSITAIRES DE STRASBOURG - HOPITAL CIVIL - UF2061 - UNITE DE MEDECINE NUCLEAIRE NHC"
3987,"HOPITAUX UNIVERSITAIRES DE STRASBOURG - HOPITAL CIVIL -LABORATOIRE D'HORMONOLOGIE"
3988,"HOPITAUX UNIVERSITAIRES DE STRASBOURG - HOPITAL DE HAUTEPIERRE - MEDECINE NUCLEAIRE"
3989,"INSTITUT DE BIOLOGIE MOLECULAIRE ET CELLULAIRE (IBMC) - CNRS - UPR 9002 ARCHITECTURE ET REACTIVITE DE L'ARN"
3990,"INSTITUT DE BIOLOGIE MOLECULAIRE ET CELLULAIRE (IBMC) - CNRS - UPR 9022 - REPONSE IMMUNITAIRE ET DEVELOPPEMENT CHEZ LES INSECTES"
3991,"INSTITUT DES NEUROSCIENCES CELLULAIRES ET INTEGRATIVES - CNRS - UPR 3212"
3992,"SANOFI - AVENTIS R&D - Site de Strasbourg - Open Innovation Access Platform"
3993,"UNIVERSITE DE STRASBOURG - CNRS - INSTITUT DE BIOLOGIE MOLECULAIRE DES PLANTES (IBMP) - UPR 2357 "
3994,"UNIVERSITE DE STRASBOURG - CNRS - UMR 7156 - GENETIQUE MOLECULAIRE, GENOMIQUE ET MICROBIOLOGIE"
3995,"SOCIETE ALSACIENNE DE PARATONNERRES - SAP STRASBOURG"
3999,"INSTITUT DE BIOLOGIE MOLECULAIRE ET CELLULAIRE (IBMC) - CNRS - UPR3572 IMMUNOPATHOLOGIE ET CHIMIE THERAPEUTIQUE"
4001,"UNIVERSITE DE STRASBOURG - U 1110 - INTERACTIONS VIRUS-HOTE ET MALADIES HEPATIQUES"
4004,"INSTITUT PLURIDISCIPLINAIRE HUBERT CURIEN (IPHC) - UMR 7178 - DRS"
4005,"CNRS - DELEGATION REGIONALE D'ALSACE - MOY 1000"
4012,"INSTITUT DE RECHERCHE CONTRE LES CANCERS DE L'APPAREIL DIGESTIF (IRCAD) - UNITE DE RECHERCHE"
4023,"UNIVERSITE DE STRASBOURG - INSERM UMR_S1113 - VOIES DE SIGNALISATION DU DEVELOPPEMENT ET DU STRESS CELLULAIRE DANS LES CANCERS DIGESTIFS ET UROLOGIQUES"
4029,"HÔPITAUX CIVILS DE COLMAR - HÔPITAL LOUIS PASTEUR - MEDECINE NUCLEAIRE"
4030,"INRA - CENTRE DE RECHERCHE DE COLMAR - UMR 1131 SANTE DE LA VIGNE ET QUALITE DU VIN (SVQV)"
4032,"SONOREST S.A. - SONOREST ZI NORD"
4035,"EDF - FESSENHEIM - CNPE"
4093,"FONDATION DE LA MAISON DU DIACONAT - MEDECINE NUCLEAIRE"
4094,"GROUPE HOSPITALIER DE LA REGION DE MULHOUSE ET SUD-ALSACE - MEDECINE NUCLEAIRE"
4095,"BOREALIS PEC-RHIN - OTTMARSHEIM"
4100,"ORANO / ORANO MININGS - TEUFELSLOCH - MINE"
4102,"CRISTAL GLOBAL - THANN"
4122,"CRISTAL GLOBAL - OSCHSENFELD"
4123,"SIEMENS (GESI) - WITTELSHEIM"
4127,"GENDARMERIE - RG RHONE-ALPES"
4128,"C.E.R.M.E.P. - CYCLOTRON BIOMEDICAL - RADIOCHIMIE - IMAGERIE DU VIVANT"
4129,"GROUPEMENT HOSPITALIER EST - CENTRE DE MEDECINE NUCLEAIRE"
4130,"GROUPEMENT HOSPITALIER EST - SERVICE HORMONOLOGIE"
4131,"CEREMA - OASMD"
4140,"INFIRMERIE PROTESTANTE - GIE MEDECINE NUCLEAIRE LYON NORD"
4141,"BioClinicaLab - Laboratoire"
4142,"CENTRE INTERNATIONAL DE RECHERCHE SUR LE CANCER - RECHERCHE"
4143,"CENTRE LEON BERARD - GCS LYON CANCEROLOGIE UNIVERSITE- IRATHERAPIE - MEDECINE NUCLEAIRE LUMEN "
4144,"CNRS - DR7 - CNRS UMR 5086 - INSTITUT DE BIOLOGIE ET CHIMIE DES PROTEINES (FR3302)"
4145,"ECOLE NORMALE SUPERIEURE DE LYON - SERVICE PREVENTION ET SANTE AU TRAVAIL"
4146,"INOL IMAGERIE NUCLEAIRE DE L'OUEST LYONNAIS ET DE L'AIN - MEDECINE NUCLEAIRE - LYON"
4147,"INOL IMAGERIE NUCLEAIRE DE L'OUEST LYONNAIS ET DE L'AIN - UNITE TEP-SCAN - LYON"
4148,"INSTITUT REGIONAL DU CANCER - CENTRE DE RECHERCHE EN CANCEROLOGIE DE LYON UMR INSERM 1052- CNRS 5286"
4149,"LABORATOIRE BIOMNIS - GENETIQUE MOLECULAIRE ET RADIOIMMUNOANALYSE"
4150,"UNIVERSITE CLAUDE BERNARD-LYON 1 - INSERM U1052 (ex 871) - EQUIPES HEPATOCARCINOGENESE ET INFECTIONS VIRALES / MECANISMES DE LAPATHOGENESE DES HEPATITES B ET C CHRONIQUES"
4151,"UNIVERSITE CLAUDE BERNARD-LYON 1 - SERVICE HYGIENE ET SECURITE - SOUTE DU BATIMENT LAENNEC B"
4157,"UNIVERSITE CLAUDE BERNARD-LYON 1 - SERVICE HYGIENE ET SECURITE - SOUTE DU BATIMENT MENDEL"
4160,"ETABLISSEMENT FRANCAIS DU SANG - RHONE ALPES - LABORATOIRE HLA"
4164,"UNIVERSITE CLAUDE BERNARD-LYON 1 - INSERM - U 1111"
4172,"BAYER SAS - CENTRE DE RECHERCHE  DE LA DARGOIRE - SERVICE SECURITE"
4174,"CARSO - LABORATOIRE SANTÉ ENVIRONNEMENT HYGIÈNE"
4213,"CENTRE MERMOZ / IRIDIS - RADIOTHERAPIE - CURIETHERAPIE"
4243,"CAMPUS VETERINAIRE DE LYON - VETAGRO-SUP"
4244,"SANOFI PASTEUR - RECHERCHE ET INDUSTRIE PHARMACEUTIQUES"
4248,"INDELEC - INDELEC SUD EST"
4250,"CENTRE HOSPITALIER LYON SUD - MEDECINE NUCLEAIRE - RADIOPHARMACIE"
4251,"CENTRE HOSPITALIER LYON SUD - RADIOANALYSE"
4255,"ARMEE DE L'AIR - BA 942 LYON"
4256,"SEFPRO - USINE DE VENISSIEUX"
4257,"CNRS - DR7 - CNRS UMR 5256 - INSTITUT DE RECHERCHE SUR LA CATLYSE ET L'ENVIRONNEMENT DE LYON"
4258,"INSTITUT NATIONAL DES SCIENCES APPLIQUEES  (INSA VILLEURBANNE) - INRA - UMR BIOLOGIE FONCTIONNELLE INSECTES INTERACTIONS (BF2I)"
4259,"INSTITUT NATIONAL DES SCIENCES APPLIQUEES  (INSA VILLEURBANNE) - LABORATOIRE MAP - UMR 5240"
4260,"SERVICE AUTONOME DE MEDECINE NUCLEAIRE DE LA DOUA (SELARL) - MEDECINE NUCLEAIRE"
4261,"UNIVERSITE CLAUDE BERNARD-LYON 1 - MEM2 ICBMS UMR5246"
4265,"UNIVERSITE CLAUDE BERNARD-LYON 1 - INSTITUT PHYSIQUE NUCLEAIRE DE LYON / IN2P3"
4276,"ORANGE - UNITE D'INTERVENTION DE LYON"
4277,"TOTAL FRANCE - CENTRE DE RECHERCHE DE SOLAIZE (CRES) - RECHERCHE"
4278,"CHI DE LA HAUTE SAONE - GCS MEDECINE NUCLEAIRE 70"
4279,"FRAMATOME - CHALON-SUR-SAONE  - CEMO"
4284,"CENTRE DE MEDECINE NUCLEAIRE DU PARC - TEP CHALON"
4285,"SARL NUCLEARIS   SITE HOTEL DIEU LE CREUSOT - MEDECINE NUCLEAIRE - SCINTIGRAPHIE"
4286,"ORANO / ORANO MINING - GUEUGNON - MINE"
4289,"ORANO / ORANO MININGS - BAUZOT - MINE"
4292,"CENTRE DE MEDECINE NUCLEAIRE DU PARC - MEDECINE NUCLEAIRE MACON"
4293,"CENTRE AUGUSTE CAUCHY-NUCLEARIS - MEDECINE NUCLEAIRE"
4294,"CENTRE HOSPITALIER DU MANS - SERVICE CENTRAL - DIRECTION DES TRAVAUX ET DES SERVICES TECHNIQUES"
4295,"CENTRE JEAN BERNARD - MEDECINE NUCLEAIRE"
4296,"UNIVERSITE DU MAINE - FACULTE DES SCIENCES - LABORATOIRE DE BIOLOGIE"
4297,"UNIVERSITE DU MAINE - CNRS - UMR 6087 LPEC (LABORATOIRE DE PHYSIQUE DE L'ETAT CONDENSE)"
4301,"IONISOS - INSTALLATION D'IONISATION DE SABLÉ-SUR-SARTHE "
4304,"CENTRE HOSPITALIER DE CHAMBÉRY - PAVILLON SAINTE HELENE - MEDECINE NUCLEAIRE - SCINTIGRAPHIE - BIOLOGIE"
4305,"ORANGE - PARAFOUDRES CHAMBERY"
4306,"ALUMINIUM PECHINEY - LES TEPPES"
4307,"CENTRE HOSPITALIER ALPES LEMAN - MEDECINE NUCLEAIRE"
4309,"CENTRE D'IMAGERIE NUCLEAIRE D'ANNECY - MEDECINE NUCLEAIRE - SCINTIGRAPHIE"
4310,"DASSAULT AVIATION - ARGONAY - CONCEPTION, PRODUCTION DE COMMANDES DE VOL"
4313,"CONSERVATOIRE NATIONAL DES ARTS ET METIERS - CASER"
4314,"CONSERVATOIRE NATIONAL DES ARTS ET METIERS - CHAIRE DE BIOLOGIE"
4316,"GENDARMERIE - GARDE REPUBLICAINE"
4320,"CENTRE HOSPITALIER UNIVERSITAIRE - HÔPITAL HOTEL-DIEU (AP-HP) - MEDECINE NUCLEAIRE ET  BIOPHYSIQUE"
4322,"COLLEGE DE FRANCE - CNRS 7241-INSERM U1050"
4323,"INSTITUT CURIE - HOPITAL - SERVICE DE RADIOTHERAPIE ET SERVICE DE MEDECINE NUCLEAIRE"
4324,"INSTITUT CURIE RECHERCHE - Centre de recherche de Paris"
4325,"INSTITUT DE BIOLOGIE DE L'ECOLE NORMALE SUPERIEURE - CNRS UMR8197 - INSERM U1024"
4326,"INSTITUT DE BIOLOGIE PHYSICO-CHIMIQUE - CNRS - UMR 7141 PHYSIOLOGIE MEMBRANAIRE ET MOLECULAIRE DU CHLOROPLASTE"
4327,"INSTITUT DE BIOLOGIE PHYSICO-CHIMIQUE - CNRS UMR 8261"
4328,"MUSEUM NATIONAL D'HISTOIRE NATURELLE - SITE DU JARDIN DES PLANTES - UNITE SCIENTIFIQUE MUSEUM 503 - REGULATION ET DYNAMIQUE DES GENOMES"
4329,"UNIVERSITE PARIS DESCARTES - IBPC"
4330,"UNIVERSITE PARIS VI - PIERRE ET MARIE CURIE - CAMPUS DE JUSSIEU - ER3 - UR4 - UMR 7224 - UMR 7195 - UMR 7622"
4331,"UNIVERSITE PIERRE ET MARIE CURIE - UMR8226 CNRS/UPMC "
4332,"ECOLE NATIONALE SUPERIEURE DE CHIMIE DE PARIS - SOUTE A DECHETS DE l'ENSCP"
4338,"MUSEUM NATIONAL D'HISTOIRE NATURELLE - SITE DU JARDIN DES PLANTES - UMR7245 CNRS/MNHN - MCAM- Biodiversité et Adaptation des Microorganismes Eucaryotes à leur Environnement"
4342,"INSTITUT DU FER A MOULIN - CENTRE DE RECHERCHE - INSERM - UPMC - UMR 839 TRANSDUCTION DU SIGNAL ET PLASTICITE DANS LE SYSTEME"
4379,"UNIVERSITE PARIS V - RENE DESCARTES - FACULTE DE PHARMACIE - CNRS - UMR 8015 LABORATOIRE DE CRISTALLOGRAPHIE ET RMN BIOLOGIQUES"
4380,"UNIVERSITE PARIS VI - PIERRE ET MARIE CURIE - CENTRE DE RECHERCHE DES CORDELIERS - UMRS1138"
4381,"UNIVERSITE PARIS DESCARTES - UMR 8250 LABORATOIRE DE NEUROPHOTONIQUE"
4383,"UNIVERSITE PARIS V - RENE DESCARTES - FACULTE DE PHARMACIE - INSERM UMR-S1144"
4386,"UNIVERSITE PARIS V - RENE DESCARTES - INSERM UMR 1124"
4391,"UNIVERSITE PARIS V - RENE DESCARTES - FACULTE DE MEDECINE - SAINTS-PERES - CNRS - UMR 8601 LABORATOIRE DE CHIMIE ET DE BIOCHIMIE"
4392,"UNIVERSITE PARIS V - RENE DESCARTES - FACULTE DE MEDECINE - SAINTS-PERES -CNRS - UMR8118"
4407,"CENTRE HOSPITALIER UNIVERSITAIRE - HÔPITAL SAINT-LOUIS (AP-HP) - MEDECINE NUCLEAIRE CHU SAINT LOUIS"
4408,"CENTRE HOSPITALIER UNIVERSITAIRE - HÔPITAL SAINT-LOUIS (AP-HP) - SERVICE DE RADIOPHARMACIE"
4409,"CENTRE HOSPITALIER UNIVERSITAIRE - HÔPITAL SAINT-LOUIS (AP-HP) - SOUTE A DECHETS"
4410,"CIS BIO INTERNATIONAL - CIS BIO INTERNATIONAL PARIS"
4411,"FACULTE DE MEDECINE LARIBOISIERE - SITE  VILLEMIN -  U1161- GENETIQUE DES MALADIES VASCULAIRES"
4412,"GROUPE HOSPITALIER LARIBOISIERE-FERNAND WIDAL / HÔPITAL LARIBOISIERE (AP-HP) - BIOCHIMIE - BIOLOGIE"
4413,"GROUPE HOSPITALIER LARIBOISIERE-FERNAND WIDAL / HÔPITAL LARIBOISIERE (AP-HP) - MEDECINE NUCLEAIRE"
4420,"SNCF - GARE DE L'EST"
4425,"FACULTE DE MEDECINE LARIBOISIERE - INSTITUT DES VAISSEAUX ET DU SANG - RECHERCHE BIOMEDICALE"
4432,"CENTRE DE RECHERCHE SAINT-ANTOINE - UMRS 938"
4433,"CENTRE HOSPITALIER UNIVERSITAIRE - HÔPITAL D'ENFANTS ARMAND TROUSSEAU (AP-HP) - LABORATOIRE D'ENDOCRINOLOGIE"
4434,"CENTRE HOSPITALIER UNIVERSITAIRE - HÔPITAL D'ENFANTS ARMAND TROUSSEAU (AP-HP) - MEDECINE NUCLEAIRE - SCINTIGRAPHIE"
4435,"CENTRE HOSPITALIER UNIVERSITAIRE - HÔPITAL SAINT-ANTOINE (AP-HP) - MEDECINE NUCLEAIRE - BIOPHYSIQUE"
4441,"CELLECTIS SA - BIOTECHNOLOGIES CELLECTIS"
4442,"CHU GROUPE HOSPITALIER PITIE-SALPETRIERE - INSERM  - U 974 (EX. U 582) PHYSIOPATHOLOGIE ET THERAPIE DU MUSCLE STRIE"
4443,"FACULTE DE MEDECINE PIERRE ET MARIE CURIE- SITE PITIE-SALPETRIERE - Institut du Cerveau et de la Moëlle épinière - UMR 1127"
4444,"GROUPE HOSPITALIER PITIE SALPETRIERE CHARLES-FOIX - DIRECTION DE LAQUALITE ET GESTION DES RISQUES"
4445,"UNIVERSITE PARIS VII - DENIS DIDEROT - SERVICE HYGIENE ET SECURITE - EQUIPE DE LA SOUTE"
4446,"FACULTE DE MEDECINE PIERRE ET MARIE CURIE- SITE PITIE-SALPETRIERE - FACULTE DE MEDECINE  LOCAL DE STOCKAGE"
4457,"CENTRE HOSPITALIER UNIVERSITAIRE - HOPITAL COCHIN  (RECHERCHE) - RADIOANALYSE"
4458,"CENTRE HOSPITALIER UNIVERSITAIRE - HOPITAL COCHIN - MEDECINE NUCLEAIRE - SCINTIGRAPHIE"
4459,"INSTITUT COCHIN - INSERM - U 1016 - CNRS - UMR 8104 - UNIVERSITE RENE DESCARTES - BATIMENT FACULTE"
4460,"INSTITUT COCHIN - INSERM - U 1016 - CNRS - UMR 8104 - UNIVERSITE RENE DESCARTES - BATIMENT ROUSSY"
4467,"CENTRE HOSPITALIER SAINTE-ANNE - LABORATOIRE DE BIOLOGIE - RADIOIMMUNOLOGIE"
4469,"CENTRE HOSPITALIER UNIVERSITAIRE - HÔPITAL EUROPEEN GEORGES POMPIDOU (AP-HP) - SCINTIGRAPHIE - PHYSIOLOGIE - IMMUNOLOGIE"
4470,"FACULTE DE MEDECINE NECKER - ENFANTS MALADES (UNIVERSITE RENE DESCARTES) - INSERM - U 1151 Institut de Médecine Moléculaire"
4471,"GROUPE HOSPITALIER NECKER - ENFANTS MALADES - LABORATOIRE D'EXPLORATIONS FONCTIONNELLES (RIA)"
4472,"GROUPE HOSPITALIER NECKER - ENFANTS MALADES - LABORATOIRE D'IMMUNOLOGIE"
4473,"INSTITUT NATIONAL DE LA TRANSFUSION SANGUINE - INSERM-UP7 UMR S 1134 BIOLOGIE INTEGREE DU GLOBULE ROUGE"
4474,"INSTITUT PASTEUR DE PARIS - ENSEMBLE DES UNITES DE RECHERCHE DE L'INSTITUT PASTEUR"
4475,"UNIVERSITE PARIS DESCARTES - INstitut IMAGINE"
4476,"LABORATOIRE CENTRAL DE LA PREFECTURE DE POLICE - SANTE SECURITE AU TRAVAIL, RADIOPROTECTION"
4480,"GROUPE HOSPITALIER NECKER - ENFANTS MALADES - LABORATOIRE DE BIOCHIMIE B"
4482,"CENTRE DE RECHERCHE CARDIOVASCULAIRE INSERM A L'HEGP - INSERM U 970 CENTRE DE RECHERCHE CARDIOVASCULAIRE"
4501,"CENTRE HOSPITALIER UNIVERSITAIRE - GROUPE HOSPITALIER BICHAT-CLAUDE BERNARD (AP-HP) - MEDECINE NUCLEAIRE - SCINTIGRAPHIE - RADIOTHERAPIE"
4502,"FACULTE DE MEDECINE - XAVIER BICHAT - HYGIENE ET SECURITE - GESTION CENTRALISEE DES DECHETS RADIOACTIFS"
4504,"CENTRE HOSPITALIER UNIVERSITAIRE - GROUPE HOSPITALIER BICHAT - CLAUDE BERNARD - SERVICE DE PARASITOLOGIE"
4507,"CENTRE HOSPITALIER ROBERT DEBRE - BIOCHIMIE HORMONOLOGIE"
4510,"CENTRE HOSPITALIER UNIVERSITAIRE - HÔPITAL TENON (AP-HP) - EXPLORATIONS FONCTIONNELLES"
4511,"CENTRE HOSPITALIER UNIVERSITAIRE - HÔPITAL TENON (AP-HP) - MEDECINE NUCLEAIRE"
4517,"GRANDE PAROISSE SA. - ANNEVILLE AMBOURVILLE"
4518,"GRANDE PAROISSE SA. - GRAND QUEVILLY - USINE"
4519,"CRISTAL GLOBAL - LE HAVRE"
4540,"GROUPE HOSPITALIER DU HAVRE - HÔPITAL JACQUES MONOD - GCS MEDECINE NUCLEAIRE  DU HAVRE"
4541,"UNIVERSITE DE ROUEN -  FACULTE DES SCIENCES - INSERM - U982 - LABORATOIRE DIFFERENCIATION ET COMMUNICATION NEURONALE ET NEUROENDOCRINE (DC2N)"
4545,"EDF - PALUEL - CNPE"
4602,"YARA FRANCE - ROGERVILLE - USINE"
4604,"HAROPA - ROGERVILLE - PORT"
4605,"GRANDE PAROISSE SA. - ROUEN - USINE"
4606,"CENTRE D'IMAGERIE SCINTIGRAPHIQUE ROUENNAIS (CISR) - CLINIQUE DE L'EUROPE - SCINTIGRAPHIE"
4607,"CENTRE HENRI -BECQUEREL - DEPT DE MEDECINE NUCLEAIRE"
4608,"CENTRE HENRI -BECQUEREL - LABORATOIRE DE BIOCHIMIE - RADIO-IMMUNO-ANALYSE"
4609,"CENTRE HENRI -BECQUEREL - Recherche"
4610,"CENTRE HOSPITALIER UNIVERSITAIRE DE ROUEN - HÔPITAL CHARLES NICOLLE - LABORATOIRE DE RADIOANALYSE"
4611,"UNIVERSITE DE ROUEN - FACULTE DE MEDECINE ET DE PHARMACIE - INSERM - U 905 (EX 519) PDRII"
4616,"BIARD ROY - PARATONNERRE"
4618,"GRANDE PAROISSE SA. - SAINT ETIENNE DU ROUVRAY"
4619,"SGS - MULTILAB - RADIOACTIVITE ORG06"
4620,"UNIVERSITE DE ROUEN - SITE DU MADRILLET - CNRS - UMR 6634 GROUPE DE PHYSIQUE DES MATERIAUX"
4627,"EDF - PENLY - CNPE"
4678,"GENDARMERIE - ECOLE GENDARMERIE FONTAINEBLEAU"
4680,"CENTRE DE MEDECINE NUCLEAIRE (CMN) - CENTRE DE MEDECINE NUCLEAIRE JOSSIGNY"
4681,"CENTRE DE MEDECINE NUCLEAIRE (CMN) - MEDECINE NUCLEAIRE MEAUX"
4682,"GENDARMERIE - ECOLE DES OFFICIERS GENDARMERIE (EOGN) MELUN"
4687,"CENTRE DE MEDECINE NUCLEAIRE (CMN) - POLYCLINIQUE SAINT-JEAN  -  SCINTIGRAPHIE"
4688,"EDF - RECHERCHE & DEVELOPPEMENT - RENARDIERES - DEPT MATERIAUX ET MECANIQUE DES COMPOSANTS (MMC)"
4689,"SEFPRO - USINE DES ORMES-SUR-VOULZIE"
4690,"FRANKLIN France - DUVAL MESSIEN - OZOIR"
4691,"FRANKLIN France - FRANKLIN FRANCE SIEGE"
4694,"ORANGE - PARAFOUDRES VAUX LE PENIL"
4695,"SITA FD - VILLEPARISIS"
4696,"GENDARMERIE - RG IDF BEYNES"
4718,"PSA PEUGEOT CITROEN CENTRE TECHNIQUE - SERVICE PREVENTION ET CONDITIONS DE TRAVAIL"
4719,"CENTRE HOSPITALIER DE VERSAILLES - HÔPITAL ANDRE MIGNOT - MEDECINE NUCLEAIRE - SCINTIGRAPHIE - THERAPEUTIQUE"
4720,"HOPITAL PRIVE DE PARLY II - SCINTIGRAPHIE"
4721,"INSTITUT DE RECHERCHES SERVIER - PHARMACOLOGIE MOLECULAIRE ET CELLULAIRE (PMC)"
4722,"SOCIETE DE CONSTRUCTION ET DE REPARATION DE MATERIEL AERONAUTIQUE - CRMA"
4725,"THALES OPTRONIQUE - HSE"
4727,"CNRS LATMOS - UMR 8190 LABORATOIRE ATMOSPHERE, MILIEUX, OBSERVATIONS SPATIALES"
4731,"INRA - CENTRE DE RECHERCHE DE JOUY EN JOSAS - INSTITUT MICALIS UMR1319"
4732,"INRA - CENTRE DE RECHERCHE DE JOUY EN JOSAS - UMR 1198 BIOLOGIE DU DEVELOPPEMENT ET DE LA REPRODUCTION"
4733,"INRA - CENTRE DE RECHERCHE DE JOUY EN JOSAS - UR 892 VIROLOGIE ET IMMUNOLOGIE MOLECULAIRES"
4734,"INRA - CENTRE DE RECHERCHE DE JOUY EN JOSAS - UR 1197 NEUROLOGIE DE L'OLFACTION ET MODELISATION EN IMAGERIE"
4735,"INRA - CENTRE DE RECHERCHE DE JOUY EN JOSAS - UR NUTRITION ET REGULATION LIPIDIQUE DES FONCTIONS  CEREBRALES"
4743,"ORANGE - PARAFOUDRES MANTES LA JOLIE"
4744,"ENVIRONNEMENT S.A. - POISSY"
4747,"SCINTIGRAPHIE DE L'EUROPE - MEDECINE NUCLEAIRE"
4748,"INRA - CENTRE DE RECHERCHE DE VERSAILLES-GRIGNON - U 1402 -  ECOSYS-EGER"
4750,"INRA - CENTRE DE RECHERCHE DE VERSAILLES-GRIGNON - U 1290 BIOLOGIE - GESTION DES RISQUES EN AGRICULTURE - CHAMPIGNONS PATHOGENES DES PLANTES"
4754,"ERAMET RESEARCH - RESEARCH"
4757,"METEO FRANCE - TRAPPES"
4759,"ARMEE DE L'AIR - BA 107 VILLACOUBLAY"
4760,"GENDARMERIE - CFAGN"
4764,"THALES ELECTRON DEVICES - SITE DE VELIZY"
4772,"GENDARMERIE - GIGN"
4774,"INRA - CENTRE DE RECHERCHE DE VERSAILLES-GRIGNON - INSTITUT JEAN-PIERRE BOURGIN - UMR 1318"
4775,"CNRS - UNIVERSITE DE VERSAILLES - SAINT QUENTIN - CNRS - UMR 8635 GROUPE D'ETUDE DE LA MATIERE CONDENSEE"
4780,"INRA - CENTRE DE RECHERCHE DE VERSAILLES-GRIGNON - U 251 PHYSICO-CHIMIE ET ECOTOXICOLOGIE DES SOLS D'AGROSYSTEMES CONTAMINES"
4781,"IRSN - ANALYSES MEDICALES RADIOTOXICOLOGIQUES"
4782,"IRSN - ETUDE ET SURVEILLANCE DE LA RADIOACTIVITE DANS L'ENVIRONNEMENT"
4784,"IRSN - TRAITEMENT DES ECHANTILLONS ET METROLOGIE DANS L'ENVIRONNEMENT"
4790,"CENTRE SCINTIGRAPHIQUE DES DEUX-SEVRES (CS2S) - SCINTIGRAPHIE"
4791,"CNRS - CENTRE D'ETUDES BIOLOGIQUES DE CHIZE (CEBC) - CNRS - CEBC UMR7372"
4795,"CENTRE HOSPITALIER UNIVERSITAIRE D'AMIENS - HÔPITAL SUD - MEDECINE NUCLEAIRE"
4796,"CLINIQUE DE L'EUROPE - MEDECINE NUCLEAIRE"
4797,"LABORATOIRES CYCLOPHARMA - PRODUCTION RADIOPHARMACEUTIQUE (GLISY)"
4801,"CENTRE HOSPITALIER D'ALBI - MEDECINE NUCLEAIRE"
4802,"CENTRE MEDICO-CHIRURGICAL CLAUDE BERNARD - SERVICE RADIOTHERAPIE - CURIETHERAPIE"
4804,"HOPITAL DU PAYS D'AUTAN - SERVICE HYGIENE ET SECURITE"
4805,"INSTITUT DE RECHERCHE PIERRE FABRE - CENTRE D'EVALUATION PRECLINIQUE DE CAMPANS"
4811,"EDF - GOLFECH - CNPE"
4864,"Clinique du Pont de Chaume - MEDECINE NUCLEAIRE"
4865,"MARINE NATIONALE - CELAE DET CUERS"
4895,"CENTRE HOSPITALIER INTERCOMMUNAL DE FREJUS - SAINT-RAPHAEL (HOP. BONNET) - MEDECINE NUCLEAIRE"
4896,"ARMEE DE L'AIR - AIA CUERS PIERREFEU"
4913,"IPSEN PHARMA BIOTECH - CONTRÔLE QUALITE - LABORATOIRE RIA"
4914,"MARINE NATIONALE - DSSF TOULON"
4926,"SSA - HIA SAINTE ANNE"
4927,"MARINE NATIONALE - SLM TOULON"
4929,"MARINE NATIONALE - LASEM TOULON"
4993,"CENTRE HOSPITALIER INTERCOMMUNAL TOULON - LA-SEYNE-SUR-MER - MEDECINE NUCLEAIRE"
4996,"CENTRE HOSPITALIER HENRI DUFFAUT - MEDECINE NUCLEAIRE"
4997,"UNIVERSITE D'AVIGNON - INRA - UAPV - UMR 1114 EMMAH"
4998,"INRA - CENTRE DE RECHERCHE DE PACA - UPR 406 Abeilles & Environnement"
4999,"INRA - CENTRE DE RECHERCHE DE MONTFAVET - UR 407 PATHOLOGIE VEGETALE"
5005,"ORANO / ORANO DS - BOLLENE (STMI)"
5030,"EDF - BOLLENE - BCOT"
5057,"ORANO / SOCATRI - BOLLENE (SOCATRI)"
5180,"SITA MEDITERRANEE - MONTEUX"
5181,"ARMEE DE L'AIR - BA 115 ORANGE"
5185,"IONISOS - INSTALLATION D'IONISATION DE POUZAUGES "
5188,"CENTRE HOSPITALIER DÉPARTEMENTAL (DE VENDEE) - MEDECINE NUCLEAIRE"
5189,"ORANO / ORANO MININGS - LA COMMANDERIE - MINE"
5190,"EUROFINS CEREP - Pharmacologie"
5195,"EDF - CIVAUX - CNPE"
5243,"BIOALTERNATIVES S.A. - BIOLOGIE MOLECULAIRE ET CELLULAIRE"
5254,"CENTRE HOSPITALIER UNIVERSITAIRE DE POITIERS - MEDECINE NUCLEAIRE"
5255,"SCINTIGRAPHIE DU CENTRE D'IMAGERIE DU POITOU (SCIP) - SCINTIGRAPHIE, IMAGERIE MOLECULAIRE"
5256,"UNIVERSITE DE POITIERS - laboratoire Signalisation & Transports Ioniques Membranaires - ERL/CNRS 7368"
5257,"UNIVERSITE DE POITIERS - SERVICE HYGIENE ET SECURITE - SOUTE RADIOACTIVE"
5260,"UNIVERSITE DE POITIERS - UMR-UP-CNRS 7267 ECOLOGIE & BIOLOGIE DES INTERACTIONS EBI EQUIPE PHYSIOLOGIE MOLECULAIRE DU TRANSPORT DES SUCRES"
5266,"SGS CEPHAC EUROPE - RADIOIMMUNOANALYSE"
5271,"ORANO / ORANO MINING - BESSINES-SUR-GARTEMPE"
5276,"ORANO / ORANO MINING - BELLEZANE - MINE"
5278,"ORANO / ORANO MINING - MONTMASSACROT - MINE"
5289,"ORANO / ORANO MININGS - MARGNAC - MINE"
5290,"ORANO / ORANO MININGS - PENY - MINE"
5291,"ORANO / ORANO MINING - JOUAC - MINE"
5296,"CENTRE HOSPITALIER UNIVERSITAIRE - HÔPITAL DUPUYTREN - LABORATOIRE DE RIA"
5297,"CENTRE HOSPITALIER UNIVERSITAIRE - HÔPITAL DUPUYTREN - MEDECINE NUCLEAIRE"
5298,"CENTRE HOSPITALIER UNIVERSITAIRE - HÔPITAL DUPUYTREN - PROJET CARAT"
5299,"UNIVERSITE DE LIMOGES - LABORATOIRE D'IMMUNOLOGIE (PMRIL) - UMR 7276"
5300,"FRANCE PARATONNERRE - PARC ESTER TECHNOLOGIE"
5302,"ORANGE - PARAFOUDRES LIMOGES"
5303,"PEARL - PEARL LIMOGES"
5305,"ORANO / ORANO MININGS - FANAY - MINE"
5306,"CENTRE HOSPITALIER EMILE DURKHEIM - SERVICES DE SOINS"
5307,"CLINIQUE LA LIGNE BLEUE - MEDECINE NUCLEAIRE - SCINTIGRAPHIE"
5309,"CENTRE DE MEDECINE NUCLEAIRE DU PARC - MEDECINE NUCLEAIRE AUXERRE"
5310,"CENTRE DE MEDECINE NUCLEAIRE DU PARC - MEDECINE NUCLEAIRE SENS"
5311,"SITA IDF - ANGERVILLIERS"
5312,"CEA DAM - BRUYERES-LE-CHATEL"
5323,"ANDRA - CHILLY-MAZARIN  AUTOROUTE A 126"
5325,"METABRAIN RESEARCH - RECHERCHE"
5326,"SANOFI - AVENTIS R&D - BIOLOGIE - RECHERCHE PHARMACEUTIQUE"
5336,"CENTRE HOSPITALIER SUD FRANCILIEN - SITE DE CORBEIL - SERVICE DE MEDECINE NUCLEAIRE"
5337,"ANDRA - BUTTE DE MONTBOUCHER"
5339,"GENETHON - RADIOPROTECTION"
5343,"CNRS-CAMPUS DE GIF-SUR-YVETTE - CNRS - UPR 2355 INSTITUT DES SCIENCES DU VEGETAL (ISV)"
5344,"CNRS-CAMPUS DE GIF-SUR-YVETTE - CNRS - UPR 3404 CENTRE DE GENETIQUE MOLECULAIRE (CGM)"
5345,"CNRS-CAMPUS DE GIF-SUR-YVETTE - I2BC- UMR 9198"
5346,"CNRS-CAMPUS DE GIF-SUR-YVETTE - INSTITUT DES NEUROSCIENCES UMR9197"
5347,"CNRS-CAMPUS DE GIF-SUR-YVETTE - UMR 247 EGCE"
5351,"CNRS-CAMPUS DE GIF-SUR-YVETTE - I2BC UMR 9198  "
5355,"CNRS-CAMPUS DE GIF-SUR-YVETTE - CEA/CNRS/UVSQ - UMR 8212 - LABORATOIRE DES SCIENCES DU CLIMAT ET DE L'ENVIRONNEMENT (LSCE)"
5361,"CEA CIVIL - SITE DU BOUCHET"
5363,"THALES AIR SYSTEMS - HAMEAU DE ROUSSIGNY - LIMOURS"
5364,"PETNET SOLUTIONS - CENTRE DE PRODUCTION"
5368,"IN2P3 - IPN D'ORSAY"
5382,"INSTITUT CURIE RECHERCHE - Centre de recherche d'Orsay"
5383,"IRSN - MESURE DE LA RADIOACTIVITE DANS L'ENVIRONNEMENT"
5384,"UNIVERSITE PARIS SUD - Institut de Sciences des Plantes de Paris-Saclay (IPS2)"
5385,"UNIVERSITE PARIS XI - ORSAY - CENTRE DE SCIENCES NUCLEAIRES ET DE SCIENCES DE LA MATIERE"
5390,"UNIVERSITE PARIS SUD - IMNC"
5405,"ECOLE POLYTECHNIQUE - LABORATOIRE DE RECHERCHE - BIOLOGIE - BIOCHIMIE UNITE ASSOCIEE CNRS UMR 7654"
5408,"LORYON - SITE DE PALAISEAU"
5410,"HOPITAL PRIVE CLAUDE GALIEN - SCINTIGRAPHIE"
5411,"CEA CIVIL - CENTRE DE SACLAY"
5412,"CIS BIO - SITE DE SACLAY - PRODUCTION"
5748,"CIS BIO - SITE DE SACLAY - GIP SOURCES"
5753,"CONSEILS ET ETUDES EN RADIOPROTECTION (CERAP) - AGENCE ILE-DE-FRANCE"
5755,"CEA CIVIL - L'ORME-DES-MERISIERS"
5756,"LABORATOIRE GLAXO SMITH KLINE - BIOLOGIE CELLULAIRE - RADIO-IMMUNO-ANALYSE"
5762,"ORANGE - PARAFOUDRES VIRY CHATILLON"
5763,"IPSEN INNOVATION - INSTITUT HENRI BEAUFOUR - Service Compétent en Radioprotection"
5768,"HÔPITAL PRIVE D'ANTONY - MEDECINE NUCLEAIRE - SCINTIGRAPHIE"
5769,"FACULTE DE PHARMACIE DE CHATENAY-MALABRY - INSTITUT GALIEN - UNITE ASSOCIEE CNRS - UMR 8612"
5770,"FACULTE DE PHARMACIE DE CHATENAY-MALABRY - LABORATOIRE LIPIDES MEMBRANAIRES ET REGULATION FONCTIONNELLE DU COEUR ET DES VAISSEAUX-EA 4529 "
5773,"FACULTE DE PHARMACIE DE CHATENAY-MALABRY - SIGNALISATION ET PHYSIOPATHOLOGIE CARDIAQUE - UNITE ASSOCIEE INSERM U769  "
5777,"FACULTE DE PHARMACIE DE CHATENAY-MALABRY - DEPARTEMENT HYGIENE, SECURITE"
5780,"SSA - SPRA"
5792,"CENTRE HOSPITALIER UNIVERSITAIRE - HÔPITAL ANTOINE BÉCLÈRE (AP-HP) - MEDECINE NUCLEAIRE ET BIOPHYSIQUE"
5793,"CENTRE HOSPITALIER UNIVERSITAIRE - HÔPITAL BEAUJON (AP-HP) - MEDECINE NUCLEAIRE"
5794,"INDELEC - FORSOND"
5796,"CEA CIVIL - CENTRE DE FONTENAY-AUX-ROSES"
5879,"IRSN - RECHERCHE SUR LES TRANSFERTS DANS LA GEOSPHERE"
5884,"IRSN - SERVICE DE RADIOBIOLOGIE ET D'EPIDEMIOLOGIE"
5885,"IRSN - INTERVENTION ET ASSISTANCE EN RADIOPROTECTION - NORD"
5886,"IRSN - LABORATOIRE DE RADIOCHIMIE"
5889,"IRSN - METROLOGIE DES MATIERES NUCLEAIRES"
5931,"SAFRAN AIRCRAFT ENGINES GENNEVILLIERS - USINE DE GENNEVILLIERS"
5935,"HÔPITAL CORENTIN CELTON - HOSPITALISATION / SCINTIGRAPHIE ET TRAITEMENT"
5936,"AMERICAN HOSPITAL OF PARIS - HÔPITAL AMERICAIN DE PARIS - MEDECINE NUCLEAIRE - SCINTIGRAPHIE - RADIOTHERAPIE"
5937,"CENTRE DE RADIOTHERAPIE HARTMANN - IMAGERIE MEDICALE - CURIETHERAPIE"
5938,"CENTRE CHIRURGICAL MARIE LANNELONGUE - MEDECINE NUCLEAIRE"
5939,"INSTITUT FRANCAIS DU PETROLE ENERGIES NOUVELLES (IFP) - DEPT HYGIENE, SECURITE ET ENVIRONNEMENT"
5943,"ADVANCED ACCELERATOR APPLICATIONS - LABORATOIRE PHARMACEUTIQUE DE SAINT CLOUD"
5944,"CIMEN - MEDECINE NUCLEAIRE"
5945,"HOPITAL RENE HUGUENIN - INSTITUT CURIE - MEDECINE NUCLEAIRE"
5951,"CENTRE HOSPITALIER - HÔPITAL FOCH - MEDECINE NUCLEAIRE - SCINTIGRAPHIE"
5952,"INSTITUT DE RECHERCHES SERVIER - MALADIES METABOLIQUES (P03)"
5953,"INSTITUT DE RECHERCHES SERVIER - URDCV"
5962,"HÔPITAL EUROPÉEN DE PARIS - GROUPE VILLA MARIA - SCINTIGRAPHIE"
5963,"CENTRE HOSPITALIER UNIVERSITAIRE - HÔPITAL AVICENNE (AP-HP) - MEDECINE NUCLEAIRE - SCINTIGRAPHIE - RADIOTHERAPIE METABOLIQUE"
5964,"DASSAULT AVIATION - FALCON SPARES - STOCKAGE PIECES DE RECHANGE - AVIONS CIVILS"
5966,"GROUPE HOSPITALIER INTERCOMMUNAL LE RAINCY - MONTFERMEIL - MEDECINE NUCLEAIRE - SCINTIGRAPHIE - RADIOTHERAPIE"
5967,"GALAPAGOS - Pharmacologie in vivo"
5969,"GENDARMERIE - CTGN"
5978,"CENTRE CARDIOLOGIQUE DU NORD - SCINTIGRAPHIE"
5979,"HOPITAL DELAFONTAINE - SCINTIGRAPHIE"
5980,"EDF - CEIDRE - DLAB/ LAM"
5984,"GIE CENTRE D'IMAGERIE NUCLEAIRE DE LA PLAINE DE FRANCE - MEDECINE NUCLEAIRE"
5985,"SANOFI - AVENTIS R&D - SITE D'ALFORTVILLE - SCP DSAR PARIS"
5995,"DGA - ARCUEIL"
6013,"GENDARMERIE - GENDARMERIE DE L'ARMEMENT (GARM) "
6019,"ECOLE NORMALE SUPERIEURE - LABORATOIRE DE BIOTECHNOLOGIE ET PHARMACOLOGIE APPLIQUEE (LBPA)"
6022,"Hôpital Privé Paul d'Egine - CENTRE DE MEDECINE NUCLEAIRE"
6023,"RECTORAT DE CRETEIL - INSTITUT DU RADIUM"
6031,"CENTRE HOSPITALIER UNIVERSITAIRE - HÔPITAL HENRI MONDOR (AP-HP) - MEDECINE NUCLEAIRE - SCINTIGRAPHIE - RADIOTHERAPIE (et  IMMUNOLOGIE - BIOLOGIE)"
6032,"FACULTE DES SCIENCES ET TECHNOLOGIES - UNIV. PARIS XII  - CMC - LABORATOIRE DE CROISSANCE CELLULAIRE, LA REPARATION ET LA REGENERATION TISSULAIRE (INSERM UMR 7149)"
6033,"MICEN VET - RADIOTHERAPIE, SCINTIGRAPHIE, SCANNER"
6038,"LABORATOIRE BIOMNIS - ANALYSES BIOLOGIQUES"
6043,"CENTRE HOSPITALIER UNIVERSITAIRE DE BICETRE - FACULTE DE MEDECINE PARIS SUD - INSERM - U 693 RECEPTEURS STEROIDIENS, PHYSIOPATHOLOGIE ENDOCRINIENNE ET METABOLIQUE"
6044,"CENTRE HOSPITALIER UNIVERSITAIRE DE BICETRE - FACULTE DE MEDECINE PARIS SUD - INSERM U1176"
6045,"CENTRE HOSPITALIER UNIVERSITAIRE DE BICETRE - HOPITAL BICETRE (AP-HP) - LABORATOIRE D'ANALYSES BIOLOGIQUES ISOTOPIQUES / HORMONOLOGIE - BIOLOGIE MOLECULAIRE - PHARMACOLOGIE"
6046,"CENTRE HOSPITALIER UNIVERSITAIRE DE BICETRE - HOPITAL BICETRE (AP-HP) - MEDECINE NUCLEAIRE - SCINTIGRAPHIE - EXPLORATIONS FONCTIONNELLES ISOTOPIQUES"
6048,"CENTRE HOSPITALIER UNIVERSITAIRE DE BICETRE - HOPITAL BICETRE (AP-HP) - Service de biochimie"
6054,"SODERN - LIMEIL-BREVANNES"
6060,"GENDARMERIE - GTA"
6062,"CENTRE DE CANCÉROLOGIE DE THIAIS - RADIOTHERAPIE"
6063,"INSTITUT GUSTAVE ROUSSY - CNRS-IGR-UMR 8200- Stabilité génétique et oncogénèse"
6064,"INSTITUT GUSTAVE ROUSSY - INSTITUT GUSTAVE ROUSSY (VILLEJUIF) - INSERM - U 1186 IMMUNOLOGIE DES TUMEURS HUMAINES"
6065,"INSTITUT GUSTAVE ROUSSY - MEDECINE NUCLEAIRE IN VITRO"
6066,"INSTITUT GUSTAVE ROUSSY - MEDECINE NUCLEAIRE IN VIVO"
6071,"SANOFI - AVENTIS R&D - RECHERCHE PHARMACEUTIQUE - CENTRE DE VITRY-ALFORTVILLE (CRVA)"
6078,"CENTRE DE MEDECINE NUCLEAIRE D'EAUBONNE - MEDECINE NUCLEAIRE"
6079,"CENTRE DE MEDECINE NUCLEAIRE D'EAUBONNE - UNITE TEP"
6080,"CENTRE HOSPITALIER RENÉ DUBOS - MEDECINE NUCLEAIRE - SCINTIGRAPHIE"
6081,"LABORATOIRE CERBA - BIOLOGIE"
6085,"CIS BIO INTERNATIONAL - CIS BIO INTERNATIONAL SARCELLES"
6086,"HÔPITAL PRIVE NORD PARISIEN - (EX. CLINIQUE ALEXIS CARREL) - HOSPITALISATION"
6087,"SCINTIGRAPHIE PARIS NORD - CENTRE DE MEDECINE NUCLEAIRE - SCINTIGRAPHIE"
6088,"TEP PARIS NORD - CENTRE DE MEDECINE NUCLEAIRE"
6092,"DGA - HAO"
6093,"INSTITUT LOUIS MALARDE - LABORATOIRE DE RECHERCHE SUR LES MICROALGUES TOXIQUES"
6094,"DGA - MURUROA"
6095,"-"
6133,"DGA - FANGATAUFA"
6169,"ARMEE DE TERRE - PARIS - RIMAP-NC"
6170,"CENTRE HOSPITALIER PRINCESSE GRACE - MEDECINE NUCLEAIRE"
6171,"CENTRE SCIENTIFIQUE DE MONACO - LABORATOIRE DE BIOLOGIE MARINE DU MUSÉE OCÉANOGRAPHIQUE"
6172,"AIEA - LABORATOIRES DE LENVIRONNEMENT - DÉPARTEMENT DES APPLICATIONS NUCLÉAIRES"
6178,"SOCIÉTÉ MONÉGASQUE D'ASSAINISSEMENT - SMA"
6179,"INSTITUT PASTEUR DE GUADELOUPE - LABORATOIRE DES MYCOBACTERIES - RECHERCHE BIOMEDICALE"
6182,"INRA - CENTRE DE RECHERCHE ANTILLES-GUYANE - UR 1321 ASTRO (AGROSYSTEMES TROPICAUX)"
6185,"CENTRE HOSPITALIER UNIVERSITAIRE DE POINTE A PITRE - MEDECINE NUCLEAIRE"
6187,"GENDARMERIE - CDT GUADELOUPE"
6189,"CENTRE HOSPITALIER UNIVERSITAIRE DE MARTINIQUE - HOPITAL CLARAC  -  RADIOTHERAPIE"
6190,"CENTRE HOSPITALIER UNIVERSITAIRE DE MARTINIQUE - MEDECINE NUCLEAIRE"
6191,"INSTITUT PASTEUR DE LA GUYANE - IMMUNOLOGIE - PARASITOLOGIE"
6194,"CENTRE HOPITALIER UNIVERSITAIRE FELIX GUYON - MEDECINE NUCLEAIRE"
6195,"GIP CYCLOTRON REUNION OCEAN INDIEN - PRODUCTION RADIOPHARMACEUTIQUE / RECHERCHE EN IMAGERIE PETIT ANIMAL"
6199,"CHU DE LA REUNION - SITE SUD GHSR - RADIOTHERAPIE"
6200,"GENDARMERIE -  COMGEND MAYOTTE"
6201,"GENDARMERIE - RG CORSE"
6209,"GIP Médecine nucléaire CHD CASTELLUCCIO - Service de scintigraphie"
6210,"ORANGE - PARAFOUDRES AJACCIO"
6211,"ARMEE DE L'AIR - BA 126 SOLENZARA"
6213,"CENTRE RAOUL FRANCOIS MAYMARD - MEDECINE NUCLEAIRE"
